;Scopy version,438f138
;Exported on,samedi décembre 14/12/2024
;Device,M2K
;Nr of samples,3200
;Sample rate,1000
;Tool,Oscilloscope
;Additional Information,
Sample,Time(S),CH1(V)
0,-1.6,0.556955
1,-1.599,0.556955
2,-1.598,0.556955
3,-1.597,0.556955
4,-1.596,0.555217
5,-1.595,0.556955
6,-1.594,0.556955
7,-1.593,0.556955
8,-1.592,0.556955
9,-1.591,0.556955
10,-1.59,0.556955
11,-1.589,0.556955
12,-1.588,0.556955
13,-1.587,0.556955
14,-1.586,0.556955
15,-1.585,0.556955
16,-1.584,0.556955
17,-1.583,0.556955
18,-1.582,0.556955
19,-1.581,0.556955
20,-1.58,0.556955
21,-1.579,0.556955
22,-1.578,0.556955
23,-1.577,0.555217
24,-1.576,0.558694
25,-1.575,0.558694
26,-1.574,0.558694
27,-1.573,0.558694
28,-1.572,0.558694
29,-1.571,0.558694
30,-1.57,0.558694
31,-1.569,0.558694
32,-1.568,0.558694
33,-1.567,0.558694
34,-1.566,0.558694
35,-1.565,0.558694
36,-1.564,0.558694
37,-1.563,0.555217
38,-1.562,0.556955
39,-1.561,0.556955
40,-1.56,0.556955
41,-1.559,0.556955
42,-1.558,0.556955
43,-1.557,0.556955
44,-1.556,0.555217
45,-1.555,0.555217
46,-1.554,0.555217
47,-1.553,0.555217
48,-1.552,0.555217
49,-1.551,0.553478
50,-1.55,0.555217
51,-1.549,0.555217
52,-1.548,0.556955
53,-1.547,0.556955
54,-1.546,0.556955
55,-1.545,0.556955
56,-1.544,0.556955
57,-1.543,0.556955
58,-1.542,0.556955
59,-1.541,0.556955
60,-1.54,0.556955
61,-1.539,0.556955
62,-1.538,0.556955
63,-1.537,0.556955
64,-1.536,0.556955
65,-1.535,0.556955
66,-1.534,0.558694
67,-1.533,0.558694
68,-1.532,0.558694
69,-1.531,0.558694
70,-1.53,0.555217
71,-1.529,0.556955
72,-1.528,0.556955
73,-1.527,0.556955
74,-1.526,0.556955
75,-1.525,0.556955
76,-1.524,0.556955
77,-1.523,0.556955
78,-1.522,0.556955
79,-1.521,0.556955
80,-1.52,0.555217
81,-1.519,0.558694
82,-1.518,0.558694
83,-1.517,0.558694
84,-1.516,0.558694
85,-1.515,0.558694
86,-1.514,0.558694
87,-1.513,0.558694
88,-1.512,0.558694
89,-1.511,0.558694
90,-1.51,0.558694
91,-1.509,0.558694
92,-1.508,0.558694
93,-1.507,0.558694
94,-1.506,0.558694
95,-1.505,0.558694
96,-1.504,0.558694
97,-1.503,0.558694
98,-1.502,0.558694
99,-1.501,0.558694
100,-1.5,0.558694
101,-1.499,0.558694
102,-1.498,0.558694
103,-1.497,0.555217
104,-1.496,0.556955
105,-1.495,0.556955
106,-1.494,0.556955
107,-1.493,0.556955
108,-1.492,0.556955
109,-1.491,0.556955
110,-1.49,0.556955
111,-1.489,0.556955
112,-1.488,0.556955
113,-1.487,0.556955
114,-1.486,0.556955
115,-1.485,0.556955
116,-1.484,0.556955
117,-1.483,0.556955
118,-1.482,0.556955
119,-1.481,0.556955
120,-1.48,0.556955
121,-1.479,0.556955
122,-1.478,0.556955
123,-1.477,0.556955
124,-1.476,0.555217
125,-1.475,0.558694
126,-1.474,0.558694
127,-1.473,0.555217
128,-1.472,0.556955
129,-1.471,0.556955
130,-1.47,0.556955
131,-1.469,0.558694
132,-1.468,0.558694
133,-1.467,0.558694
134,-1.466,0.556955
135,-1.465,0.556955
136,-1.464,0.556955
137,-1.463,0.556955
138,-1.462,0.556955
139,-1.461,0.555217
140,-1.46,0.558694
141,-1.459,0.558694
142,-1.458,0.558694
143,-1.457,0.558694
144,-1.456,0.556955
145,-1.455,0.556955
146,-1.454,0.558694
147,-1.453,0.558694
148,-1.452,0.558694
149,-1.451,0.558694
150,-1.45,0.558694
151,-1.449,0.558694
152,-1.448,0.558694
153,-1.447,0.558694
154,-1.446,0.558694
155,-1.445,0.558694
156,-1.444,0.558694
157,-1.443,0.558694
158,-1.442,0.558694
159,-1.441,0.556955
160,-1.44,0.558694
161,-1.439,0.558694
162,-1.438,0.558694
163,-1.437,0.558694
164,-1.436,0.558694
165,-1.435,0.558694
166,-1.434,0.560433
167,-1.433,0.556955
168,-1.432,0.556955
169,-1.431,0.556955
170,-1.43,0.556955
171,-1.429,0.556955
172,-1.428,0.556955
173,-1.427,0.556955
174,-1.426,0.556955
175,-1.425,0.556955
176,-1.424,0.556955
177,-1.423,0.556955
178,-1.422,0.556955
179,-1.421,0.556955
180,-1.42,0.556955
181,-1.419,0.555217
182,-1.418,0.558694
183,-1.417,0.556955
184,-1.416,0.556955
185,-1.415,0.556955
186,-1.414,0.556955
187,-1.413,0.556955
188,-1.412,0.555217
189,-1.411,0.558694
190,-1.41,0.558694
191,-1.409,0.556955
192,-1.408,0.556955
193,-1.407,0.556955
194,-1.406,0.556955
195,-1.405,0.556955
196,-1.404,0.558694
197,-1.403,0.558694
198,-1.402,0.558694
199,-1.401,0.558694
200,-1.4,0.558694
201,-1.399,0.555217
202,-1.398,0.556955
203,-1.397,0.556955
204,-1.396,0.558694
205,-1.395,0.558694
206,-1.394,0.558694
207,-1.393,0.558694
208,-1.392,0.558694
209,-1.391,0.558694
210,-1.39,0.558694
211,-1.389,0.558694
212,-1.388,0.558694
213,-1.387,0.558694
214,-1.386,0.558694
215,-1.385,0.558694
216,-1.384,0.558694
217,-1.383,0.558694
218,-1.382,0.558694
219,-1.381,0.558694
220,-1.38,0.558694
221,-1.379,0.558694
222,-1.378,0.558694
223,-1.377,0.558694
224,-1.376,0.558694
225,-1.375,0.558694
226,-1.374,0.558694
227,-1.373,0.558694
228,-1.372,0.558694
229,-1.371,0.558694
230,-1.37,0.556955
231,-1.369,0.560433
232,-1.368,0.558694
233,-1.367,0.558694
234,-1.366,0.555217
235,-1.365,0.556955
236,-1.364,0.556955
237,-1.363,0.556955
238,-1.362,0.556955
239,-1.361,0.555217
240,-1.36,0.556955
241,-1.359,0.556955
242,-1.358,0.556955
243,-1.357,0.556955
244,-1.356,0.556955
245,-1.355,0.556955
246,-1.354,0.555217
247,-1.353,0.558694
248,-1.352,0.558694
249,-1.351,0.555217
250,-1.35,0.556955
251,-1.349,0.556955
252,-1.348,0.556955
253,-1.347,0.555217
254,-1.346,0.558694
255,-1.345,0.558694
256,-1.344,0.556955
257,-1.343,0.556955
258,-1.342,0.556955
259,-1.341,0.556955
260,-1.34,0.556955
261,-1.339,0.556955
262,-1.338,0.556955
263,-1.337,0.555217
264,-1.336,0.558694
265,-1.335,0.556955
266,-1.334,0.556955
267,-1.333,0.556955
268,-1.332,0.556955
269,-1.331,0.556955
270,-1.33,0.556955
271,-1.329,0.556955
272,-1.328,0.556955
273,-1.327,0.556955
274,-1.326,0.556955
275,-1.325,0.556955
276,-1.324,0.556955
277,-1.323,0.556955
278,-1.322,0.556955
279,-1.321,0.556955
280,-1.32,0.556955
281,-1.319,0.558694
282,-1.318,0.555217
283,-1.317,0.556955
284,-1.316,0.556955
285,-1.315,0.556955
286,-1.314,0.558694
287,-1.313,0.558694
288,-1.312,0.558694
289,-1.311,0.558694
290,-1.31,0.558694
291,-1.309,0.555217
292,-1.308,0.556955
293,-1.307,0.556955
294,-1.306,0.558694
295,-1.305,0.558694
296,-1.304,0.558694
297,-1.303,0.556955
298,-1.302,0.556955
299,-1.301,0.556955
300,-1.3,0.556955
301,-1.299,0.556955
302,-1.298,0.556955
303,-1.297,0.556955
304,-1.296,0.556955
305,-1.295,0.556955
306,-1.294,0.556955
307,-1.293,0.556955
308,-1.292,0.556955
309,-1.291,0.556955
310,-1.29,0.556955
311,-1.289,0.556955
312,-1.288,0.556955
313,-1.287,0.556955
314,-1.286,0.555217
315,-1.285,0.556955
316,-1.284,0.556955
317,-1.283,0.556955
318,-1.282,0.556955
319,-1.281,0.555217
320,-1.28,0.558694
321,-1.279,0.558694
322,-1.278,0.558694
323,-1.277,0.555217
324,-1.276,0.556955
325,-1.275,0.556955
326,-1.274,0.556955
327,-1.273,0.555217
328,-1.272,0.558694
329,-1.271,0.558694
330,-1.27,0.558694
331,-1.269,0.555217
332,-1.268,0.556955
333,-1.267,0.556955
334,-1.266,0.556955
335,-1.265,0.556955
336,-1.264,0.556955
337,-1.263,0.556955
338,-1.262,0.556955
339,-1.261,0.556955
340,-1.26,0.556955
341,-1.259,0.556955
342,-1.258,0.556955
343,-1.257,0.558694
344,-1.256,0.558694
345,-1.255,0.558694
346,-1.254,0.558694
347,-1.253,0.558694
348,-1.252,0.558694
349,-1.251,0.558694
350,-1.25,0.558694
351,-1.249,0.558694
352,-1.248,0.558694
353,-1.247,0.556955
354,-1.246,0.560433
355,-1.245,0.556955
356,-1.244,0.558694
357,-1.243,0.558694
358,-1.242,0.558694
359,-1.241,0.558694
360,-1.24,0.558694
361,-1.239,0.558694
362,-1.238,0.560433
363,-1.237,0.558694
364,-1.236,0.555217
365,-1.235,0.556955
366,-1.234,0.556955
367,-1.233,0.556955
368,-1.232,0.556955
369,-1.231,0.556955
370,-1.23,0.556955
371,-1.229,0.555217
372,-1.228,0.556955
373,-1.227,0.556955
374,-1.226,0.556955
375,-1.225,0.556955
376,-1.224,0.556955
377,-1.223,0.556955
378,-1.222,0.556955
379,-1.221,0.556955
380,-1.22,0.556955
381,-1.219,0.556955
382,-1.218,0.555217
383,-1.217,0.556955
384,-1.216,0.555217
385,-1.215,0.558694
386,-1.214,0.558694
387,-1.213,0.558694
388,-1.212,0.555217
389,-1.211,0.556955
390,-1.21,0.556955
391,-1.209,0.556955
392,-1.208,0.556955
393,-1.207,0.555217
394,-1.206,0.558694
395,-1.205,0.558694
396,-1.204,0.555217
397,-1.203,0.556955
398,-1.202,0.556955
399,-1.201,0.556955
400,-1.2,0.556955
401,-1.199,0.555217
402,-1.198,0.558694
403,-1.197,0.556955
404,-1.196,0.556955
405,-1.195,0.556955
406,-1.194,0.555217
407,-1.193,0.558694
408,-1.192,0.556955
409,-1.191,0.558694
410,-1.19,0.558694
411,-1.189,0.558694
412,-1.188,0.558694
413,-1.187,0.558694
414,-1.186,0.558694
415,-1.185,0.558694
416,-1.184,0.558694
417,-1.183,0.558694
418,-1.182,0.558694
419,-1.181,0.558694
420,-1.18,0.556955
421,-1.179,0.558694
422,-1.178,0.558694
423,-1.177,0.558694
424,-1.176,0.558694
425,-1.175,0.558694
426,-1.174,0.558694
427,-1.173,0.558694
428,-1.172,0.556955
429,-1.171,0.555217
430,-1.17,0.556955
431,-1.169,0.556955
432,-1.168,0.556955
433,-1.167,0.556955
434,-1.166,0.556955
435,-1.165,0.556955
436,-1.164,0.556955
437,-1.163,0.556955
438,-1.162,0.556955
439,-1.161,0.556955
440,-1.16,0.556955
441,-1.159,0.556955
442,-1.158,0.555217
443,-1.157,0.558694
444,-1.156,0.558694
445,-1.155,0.555217
446,-1.154,0.556955
447,-1.153,0.555217
448,-1.152,0.558694
449,-1.151,0.556955
450,-1.15,0.558694
451,-1.149,0.558694
452,-1.148,0.556955
453,-1.147,0.556955
454,-1.146,0.556955
455,-1.145,0.555217
456,-1.144,0.558694
457,-1.143,0.558694
458,-1.142,0.558694
459,-1.141,0.558694
460,-1.14,0.556955
461,-1.139,0.556955
462,-1.138,0.556955
463,-1.137,0.556955
464,-1.136,0.556955
465,-1.135,0.556955
466,-1.134,0.556955
467,-1.133,0.555217
468,-1.132,0.558694
469,-1.131,0.556955
470,-1.13,0.556955
471,-1.129,0.556955
472,-1.128,0.556955
473,-1.127,0.556955
474,-1.126,0.555217
475,-1.125,0.558694
476,-1.124,0.558694
477,-1.123,0.558694
478,-1.122,0.558694
479,-1.121,0.558694
480,-1.12,0.558694
481,-1.119,0.558694
482,-1.118,0.558694
483,-1.117,0.558694
484,-1.116,0.558694
485,-1.115,0.558694
486,-1.114,0.558694
487,-1.113,0.558694
488,-1.112,0.558694
489,-1.111,0.558694
490,-1.11,0.558694
491,-1.109,0.558694
492,-1.108,0.558694
493,-1.107,0.558694
494,-1.106,0.556955
495,-1.105,0.555217
496,-1.104,0.555217
497,-1.103,0.555217
498,-1.102,0.555217
499,-1.101,0.555217
500,-1.1,0.553478
501,-1.099,0.556955
502,-1.098,0.553478
503,-1.097,0.555217
504,-1.096,0.555217
505,-1.095,0.555217
506,-1.094,0.555217
507,-1.093,0.553478
508,-1.092,0.556955
509,-1.091,0.556955
510,-1.09,0.556955
511,-1.089,0.556955
512,-1.088,0.556955
513,-1.087,0.556955
514,-1.086,0.556955
515,-1.085,0.556955
516,-1.084,0.556955
517,-1.083,0.556955
518,-1.082,0.556955
519,-1.081,0.556955
520,-1.08,0.556955
521,-1.079,0.556955
522,-1.078,0.556955
523,-1.077,0.556955
524,-1.076,0.556955
525,-1.075,0.556955
526,-1.074,0.556955
527,-1.073,0.556955
528,-1.072,0.555217
529,-1.071,0.553478
530,-1.07,0.555217
531,-1.069,0.553478
532,-1.068,0.556955
533,-1.067,0.556955
534,-1.066,0.556955
535,-1.065,0.556955
536,-1.064,0.553478
537,-1.063,0.556955
538,-1.062,0.556955
539,-1.061,0.556955
540,-1.06,0.556955
541,-1.059,0.555217
542,-1.058,0.556955
543,-1.057,0.556955
544,-1.056,0.556955
545,-1.055,0.556955
546,-1.054,0.556955
547,-1.053,0.556955
548,-1.052,0.556955
549,-1.051,0.556955
550,-1.05,0.558694
551,-1.049,0.558694
552,-1.048,0.555217
553,-1.047,0.556955
554,-1.046,0.556955
555,-1.045,0.558694
556,-1.044,0.558694
557,-1.043,0.558694
558,-1.042,0.556955
559,-1.041,0.556955
560,-1.04,0.556955
561,-1.039,0.553478
562,-1.038,0.555217
563,-1.037,0.555217
564,-1.036,0.555217
565,-1.035,0.555217
566,-1.034,0.555217
567,-1.033,0.555217
568,-1.032,0.555217
569,-1.031,0.555217
570,-1.03,0.555217
571,-1.029,0.555217
572,-1.028,0.556955
573,-1.027,0.556955
574,-1.026,0.556955
575,-1.025,0.556955
576,-1.024,0.556955
577,-1.023,0.556955
578,-1.022,0.556955
579,-1.021,0.556955
580,-1.02,0.556955
581,-1.019,0.556955
582,-1.018,0.556955
583,-1.017,0.556955
584,-1.016,0.556955
585,-1.015,0.556955
586,-1.014,0.556955
587,-1.013,0.556955
588,-1.012,0.556955
589,-1.011,0.556955
590,-1.01,0.556955
591,-1.009,0.558694
592,-1.008,0.555217
593,-1.007,0.556955
594,-1.006,0.556955
595,-1.005,0.556955
596,-1.004,0.556955
597,-1.003,0.556955
598,-1.002,0.556955
599,-1.001,0.556955
600,-1,0.556955
601,-0.999,0.556955
602,-0.998,0.556955
603,-0.997,0.556955
604,-0.996,0.556955
605,-0.995,0.556955
606,-0.994,0.555217
607,-0.993,0.558694
608,-0.992,0.556955
609,-0.991,0.556955
610,-0.99,0.556955
611,-0.989,0.556955
612,-0.988,0.556955
613,-0.987,0.558694
614,-0.986,0.558694
615,-0.985,0.558694
616,-0.984,0.558694
617,-0.983,0.558694
618,-0.982,0.558694
619,-0.981,0.558694
620,-0.98,0.558694
621,-0.979,0.558694
622,-0.978,0.558694
623,-0.977,0.556955
624,-0.976,0.556955
625,-0.975,0.556955
626,-0.974,0.553478
627,-0.973,0.555217
628,-0.972,0.555217
629,-0.971,0.555217
630,-0.97,0.555217
631,-0.969,0.555217
632,-0.968,0.555217
633,-0.967,0.555217
634,-0.966,0.555217
635,-0.965,0.555217
636,-0.964,0.555217
637,-0.963,0.556955
638,-0.962,0.556955
639,-0.961,0.556955
640,-0.96,0.556955
641,-0.959,0.556955
642,-0.958,0.556955
643,-0.957,0.556955
644,-0.956,0.556955
645,-0.955,0.556955
646,-0.954,0.556955
647,-0.953,0.556955
648,-0.952,0.556955
649,-0.951,0.556955
650,-0.95,0.556955
651,-0.949,0.556955
652,-0.948,0.556955
653,-0.947,0.556955
654,-0.946,0.555217
655,-0.945,0.558694
656,-0.944,0.558694
657,-0.943,0.555217
658,-0.942,0.556955
659,-0.941,0.556955
660,-0.94,0.556955
661,-0.939,0.556955
662,-0.938,0.556955
663,-0.937,0.556955
664,-0.936,0.556955
665,-0.935,0.556955
666,-0.934,0.556955
667,-0.933,0.556955
668,-0.932,0.556955
669,-0.931,0.556955
670,-0.93,0.556955
671,-0.929,0.556955
672,-0.928,0.556955
673,-0.927,0.556955
674,-0.926,0.556955
675,-0.925,0.556955
676,-0.924,0.556955
677,-0.923,0.556955
678,-0.922,0.556955
679,-0.921,0.556955
680,-0.92,0.558694
681,-0.919,0.558694
682,-0.918,0.558694
683,-0.917,0.558694
684,-0.916,0.558694
685,-0.915,0.558694
686,-0.914,0.558694
687,-0.913,0.558694
688,-0.912,0.558694
689,-0.911,0.558694
690,-0.91,0.555217
691,-0.909,0.556955
692,-0.908,0.556955
693,-0.907,0.556955
694,-0.906,0.556955
695,-0.905,0.556955
696,-0.904,0.556955
697,-0.903,0.556955
698,-0.902,0.556955
699,-0.901,0.556955
700,-0.9,0.556955
701,-0.899,0.556955
702,-0.898,0.556955
703,-0.897,0.556955
704,-0.896,0.556955
705,-0.895,0.556955
706,-0.894,0.556955
707,-0.893,0.556955
708,-0.892,0.556955
709,-0.891,0.556955
710,-0.89,0.556955
711,-0.889,0.556955
712,-0.888,0.556955
713,-0.887,0.556955
714,-0.886,0.556955
715,-0.885,0.556955
716,-0.884,0.556955
717,-0.883,0.556955
718,-0.882,0.555217
719,-0.881,0.558694
720,-0.88,0.558694
721,-0.879,0.556955
722,-0.878,0.556955
723,-0.877,0.556955
724,-0.876,0.556955
725,-0.875,0.556955
726,-0.874,0.556955
727,-0.873,0.555217
728,-0.872,0.558694
729,-0.871,0.558694
730,-0.87,0.558694
731,-0.869,0.555217
732,-0.868,0.556955
733,-0.867,0.556955
734,-0.866,0.556955
735,-0.865,0.556955
736,-0.864,0.555217
737,-0.863,0.558694
738,-0.862,0.558694
739,-0.861,0.556955
740,-0.86,0.556955
741,-0.859,0.558694
742,-0.858,0.558694
743,-0.857,0.558694
744,-0.856,0.558694
745,-0.855,0.558694
746,-0.854,0.558694
747,-0.853,0.558694
748,-0.852,0.558694
749,-0.851,0.558694
750,-0.85,0.558694
751,-0.849,0.558694
752,-0.848,0.558694
753,-0.847,0.558694
754,-0.846,0.558694
755,-0.845,0.556955
756,-0.844,0.556955
757,-0.843,0.556955
758,-0.842,0.556955
759,-0.841,0.556955
760,-0.84,0.556955
761,-0.839,0.556955
762,-0.838,0.556955
763,-0.837,0.556955
764,-0.836,0.556955
765,-0.835,0.556955
766,-0.834,0.556955
767,-0.833,0.556955
768,-0.832,0.556955
769,-0.831,0.556955
770,-0.83,0.556955
771,-0.829,0.556955
772,-0.828,0.556955
773,-0.827,0.556955
774,-0.826,0.556955
775,-0.825,0.556955
776,-0.824,0.556955
777,-0.823,0.556955
778,-0.822,0.558694
779,-0.821,0.558694
780,-0.82,0.555217
781,-0.819,0.556955
782,-0.818,0.556955
783,-0.817,0.556955
784,-0.816,0.558694
785,-0.815,0.558694
786,-0.814,0.558694
787,-0.813,0.558694
788,-0.812,0.555217
789,-0.811,0.556955
790,-0.81,0.556955
791,-0.809,0.556955
792,-0.808,0.556955
793,-0.807,0.556955
794,-0.806,0.556955
795,-0.805,0.556955
796,-0.804,0.556955
797,-0.803,0.556955
798,-0.802,0.556955
799,-0.801,0.556955
800,-0.8,0.556955
801,-0.799,0.556955
802,-0.798,0.555217
803,-0.797,0.558694
804,-0.796,0.555217
805,-0.795,0.556955
806,-0.794,0.555217
807,-0.793,0.558694
808,-0.792,0.558694
809,-0.791,0.558694
810,-0.79,0.558694
811,-0.789,0.558694
812,-0.788,0.558694
813,-0.787,0.558694
814,-0.786,0.558694
815,-0.785,0.558694
816,-0.784,0.558694
817,-0.783,0.558694
818,-0.782,0.558694
819,-0.781,0.556955
820,-0.78,0.556955
821,-0.779,0.556955
822,-0.778,0.556955
823,-0.777,0.556955
824,-0.776,0.556955
825,-0.775,0.556955
826,-0.774,0.556955
827,-0.773,0.556955
828,-0.772,0.556955
829,-0.771,0.556955
830,-0.77,0.556955
831,-0.769,0.556955
832,-0.768,0.556955
833,-0.767,0.556955
834,-0.766,0.556955
835,-0.765,0.556955
836,-0.764,0.556955
837,-0.763,0.556955
838,-0.762,0.556955
839,-0.761,0.556955
840,-0.76,0.556955
841,-0.759,0.556955
842,-0.758,0.556955
843,-0.757,0.558694
844,-0.756,0.558694
845,-0.755,0.558694
846,-0.754,0.558694
847,-0.753,0.558694
848,-0.752,0.558694
849,-0.751,0.558694
850,-0.75,0.558694
851,-0.749,0.558694
852,-0.748,0.556955
853,-0.747,0.556955
854,-0.746,0.556955
855,-0.745,0.556955
856,-0.744,0.556955
857,-0.743,0.555217
858,-0.742,0.558694
859,-0.741,0.558694
860,-0.74,0.558694
861,-0.739,0.558694
862,-0.738,0.558694
863,-0.737,0.555217
864,-0.736,0.556955
865,-0.735,0.555217
866,-0.734,0.558694
867,-0.733,0.558694
868,-0.732,0.558694
869,-0.731,0.558694
870,-0.73,0.558694
871,-0.729,0.558694
872,-0.728,0.558694
873,-0.727,0.558694
874,-0.726,0.558694
875,-0.725,0.558694
876,-0.724,0.558694
877,-0.723,0.558694
878,-0.722,0.558694
879,-0.721,0.558694
880,-0.72,0.558694
881,-0.719,0.558694
882,-0.718,0.556955
883,-0.717,0.560433
884,-0.716,0.558694
885,-0.715,0.558694
886,-0.714,0.556955
887,-0.713,0.556955
888,-0.712,0.556955
889,-0.711,0.556955
890,-0.71,0.556955
891,-0.709,0.556955
892,-0.708,0.556955
893,-0.707,0.556955
894,-0.706,0.556955
895,-0.705,0.556955
896,-0.704,0.556955
897,-0.703,0.556955
898,-0.702,0.555217
899,-0.701,0.558694
900,-0.7,0.558694
901,-0.699,0.558694
902,-0.698,0.558694
903,-0.697,0.558694
904,-0.696,0.558694
905,-0.695,0.558694
906,-0.694,0.558694
907,-0.693,0.558694
908,-0.692,0.558694
909,-0.691,0.558694
910,-0.69,0.558694
911,-0.689,0.558694
912,-0.688,0.558694
913,-0.687,0.558694
914,-0.686,0.558694
915,-0.685,0.558694
916,-0.684,0.558694
917,-0.683,0.558694
918,-0.682,0.558694
919,-0.681,0.558694
920,-0.68,0.558694
921,-0.679,0.558694
922,-0.678,0.558694
923,-0.677,0.558694
924,-0.676,0.558694
925,-0.675,0.558694
926,-0.674,0.558694
927,-0.673,0.558694
928,-0.672,0.558694
929,-0.671,0.558694
930,-0.67,0.558694
931,-0.669,0.558694
932,-0.668,0.558694
933,-0.667,0.558694
934,-0.666,0.556955
935,-0.665,0.558694
936,-0.664,0.558694
937,-0.663,0.558694
938,-0.662,0.558694
939,-0.661,0.558694
940,-0.66,0.558694
941,-0.659,0.558694
942,-0.658,0.560433
943,-0.657,0.556955
944,-0.656,0.558694
945,-0.655,0.558694
946,-0.654,0.558694
947,-0.653,0.558694
948,-0.652,0.558694
949,-0.651,0.558694
950,-0.65,0.558694
951,-0.649,0.558694
952,-0.648,0.558694
953,-0.647,0.556955
954,-0.646,0.556955
955,-0.645,0.555217
956,-0.644,0.558694
957,-0.643,0.558694
958,-0.642,0.556955
959,-0.641,0.556955
960,-0.64,0.558694
961,-0.639,0.558694
962,-0.638,0.558694
963,-0.637,0.558694
964,-0.636,0.558694
965,-0.635,0.558694
966,-0.634,0.558694
967,-0.633,0.558694
968,-0.632,0.558694
969,-0.631,0.558694
970,-0.63,0.558694
971,-0.629,0.558694
972,-0.628,0.558694
973,-0.627,0.558694
974,-0.626,0.558694
975,-0.625,0.558694
976,-0.624,0.558694
977,-0.623,0.558694
978,-0.622,0.558694
979,-0.621,0.558694
980,-0.62,0.558694
981,-0.619,0.558694
982,-0.618,0.558694
983,-0.617,0.558694
984,-0.616,0.558694
985,-0.615,0.558694
986,-0.614,0.558694
987,-0.613,0.558694
988,-0.612,0.558694
989,-0.611,0.558694
990,-0.61,0.558694
991,-0.609,0.558694
992,-0.608,0.558694
993,-0.607,0.558694
994,-0.606,0.558694
995,-0.605,0.558694
996,-0.604,0.558694
997,-0.603,0.556955
998,-0.602,0.560433
999,-0.601,0.560433
1000,-0.6,0.556955
1001,-0.599,0.558694
1002,-0.598,0.558694
1003,-0.597,0.558694
1004,-0.596,0.558694
1005,-0.595,0.558694
1006,-0.594,0.558694
1007,-0.593,0.560433
1008,-0.592,0.556955
1009,-0.591,0.556955
1010,-0.59,0.560433
1011,-0.589,0.560433
1012,-0.588,0.560433
1013,-0.587,0.560433
1014,-0.586,0.560433
1015,-0.585,0.560433
1016,-0.584,0.556955
1017,-0.583,0.556955
1018,-0.582,0.556955
1019,-0.581,0.556955
1020,-0.58,0.556955
1021,-0.579,0.556955
1022,-0.578,0.555217
1023,-0.577,0.558694
1024,-0.576,0.555217
1025,-0.575,0.556955
1026,-0.574,0.556955
1027,-0.573,0.556955
1028,-0.572,0.555217
1029,-0.571,0.558694
1030,-0.57,0.558694
1031,-0.569,0.558694
1032,-0.568,0.558694
1033,-0.567,0.558694
1034,-0.566,0.558694
1035,-0.565,0.558694
1036,-0.564,0.558694
1037,-0.563,0.558694
1038,-0.562,0.558694
1039,-0.561,0.558694
1040,-0.56,0.558694
1041,-0.559,0.558694
1042,-0.558,0.558694
1043,-0.557,0.558694
1044,-0.556,0.558694
1045,-0.555,0.558694
1046,-0.554,0.558694
1047,-0.553,0.558694
1048,-0.552,0.558694
1049,-0.551,0.558694
1050,-0.55,0.558694
1051,-0.549,0.558694
1052,-0.548,0.558694
1053,-0.547,0.558694
1054,-0.546,0.558694
1055,-0.545,0.558694
1056,-0.544,0.558694
1057,-0.543,0.558694
1058,-0.542,0.558694
1059,-0.541,0.558694
1060,-0.54,0.558694
1061,-0.539,0.558694
1062,-0.538,0.558694
1063,-0.537,0.556955
1064,-0.536,0.558694
1065,-0.535,0.558694
1066,-0.534,0.558694
1067,-0.533,0.558694
1068,-0.532,0.558694
1069,-0.531,0.558694
1070,-0.53,0.558694
1071,-0.529,0.556955
1072,-0.528,0.558694
1073,-0.527,0.558694
1074,-0.526,0.558694
1075,-0.525,0.558694
1076,-0.524,0.558694
1077,-0.523,0.558694
1078,-0.522,0.558694
1079,-0.521,0.558694
1080,-0.52,0.558694
1081,-0.519,0.558694
1082,-0.518,0.555217
1083,-0.517,0.556955
1084,-0.516,0.556955
1085,-0.515,0.556955
1086,-0.514,0.556955
1087,-0.513,0.556955
1088,-0.512,0.556955
1089,-0.511,0.555217
1090,-0.51,0.556955
1091,-0.509,0.556955
1092,-0.508,0.556955
1093,-0.507,0.556955
1094,-0.506,0.556955
1095,-0.505,0.555217
1096,-0.504,0.558694
1097,-0.503,0.556955
1098,-0.502,0.556955
1099,-0.501,0.555217
1100,-0.5,0.558694
1101,-0.499,0.558694
1102,-0.498,0.558694
1103,-0.497,0.558694
1104,-0.496,0.558694
1105,-0.495,0.558694
1106,-0.494,0.558694
1107,-0.493,0.558694
1108,-0.492,0.558694
1109,-0.491,0.558694
1110,-0.49,0.558694
1111,-0.489,0.558694
1112,-0.488,0.558694
1113,-0.487,0.558694
1114,-0.486,0.558694
1115,-0.485,0.555217
1116,-0.484,0.556955
1117,-0.483,0.556955
1118,-0.482,0.558694
1119,-0.481,0.558694
1120,-0.48,0.558694
1121,-0.479,0.558694
1122,-0.478,0.558694
1123,-0.477,0.558694
1124,-0.476,0.558694
1125,-0.475,0.558694
1126,-0.474,0.558694
1127,-0.473,0.558694
1128,-0.472,0.558694
1129,-0.471,0.558694
1130,-0.47,0.558694
1131,-0.469,0.558694
1132,-0.468,0.558694
1133,-0.467,0.558694
1134,-0.466,0.558694
1135,-0.465,0.558694
1136,-0.464,0.556955
1137,-0.463,0.560433
1138,-0.462,0.558694
1139,-0.461,0.558694
1140,-0.46,0.556955
1141,-0.459,0.560433
1142,-0.458,0.558694
1143,-0.457,0.556955
1144,-0.456,0.560433
1145,-0.455,0.558694
1146,-0.454,0.558694
1147,-0.453,0.556955
1148,-0.452,0.556955
1149,-0.451,0.556955
1150,-0.45,0.556955
1151,-0.449,0.556955
1152,-0.448,0.556955
1153,-0.447,0.556955
1154,-0.446,0.556955
1155,-0.445,0.556955
1156,-0.444,0.556955
1157,-0.443,0.555217
1158,-0.442,0.558694
1159,-0.441,0.555217
1160,-0.44,0.558694
1161,-0.439,0.558694
1162,-0.438,0.558694
1163,-0.437,0.558694
1164,-0.436,0.558694
1165,-0.435,0.558694
1166,-0.434,0.558694
1167,-0.433,0.558694
1168,-0.432,0.558694
1169,-0.431,0.558694
1170,-0.43,0.558694
1171,-0.429,0.558694
1172,-0.428,0.558694
1173,-0.427,0.558694
1174,-0.426,0.558694
1175,-0.425,0.558694
1176,-0.424,0.558694
1177,-0.423,0.556955
1178,-0.422,0.560433
1179,-0.421,0.556955
1180,-0.42,0.558694
1181,-0.419,0.558694
1182,-0.418,0.558694
1183,-0.417,0.558694
1184,-0.416,0.558694
1185,-0.415,0.556955
1186,-0.414,0.560433
1187,-0.413,0.556955
1188,-0.412,0.558694
1189,-0.411,0.558694
1190,-0.41,0.558694
1191,-0.409,0.558694
1192,-0.408,0.558694
1193,-0.407,0.556955
1194,-0.406,0.560433
1195,-0.405,0.558694
1196,-0.404,0.558694
1197,-0.403,0.558694
1198,-0.402,0.558694
1199,-0.401,0.560433
1200,-0.4,0.558694
1201,-0.399,0.558694
1202,-0.398,0.560433
1203,-0.397,0.560433
1204,-0.396,0.560433
1205,-0.395,0.560433
1206,-0.394,0.560433
1207,-0.393,0.560433
1208,-0.392,0.560433
1209,-0.391,0.560433
1210,-0.39,0.560433
1211,-0.389,0.560433
1212,-0.388,0.556955
1213,-0.387,0.558694
1214,-0.386,0.558694
1215,-0.385,0.558694
1216,-0.384,0.558694
1217,-0.383,0.558694
1218,-0.382,0.558694
1219,-0.381,0.558694
1220,-0.38,0.558694
1221,-0.379,0.558694
1222,-0.378,0.558694
1223,-0.377,0.558694
1224,-0.376,0.558694
1225,-0.375,0.558694
1226,-0.374,0.558694
1227,-0.373,0.558694
1228,-0.372,0.558694
1229,-0.371,0.558694
1230,-0.37,0.558694
1231,-0.369,0.558694
1232,-0.368,0.558694
1233,-0.367,0.558694
1234,-0.366,0.556955
1235,-0.365,0.560433
1236,-0.364,0.558694
1237,-0.363,0.558694
1238,-0.362,0.558694
1239,-0.361,0.558694
1240,-0.36,0.558694
1241,-0.359,0.558694
1242,-0.358,0.558694
1243,-0.357,0.558694
1244,-0.356,0.558694
1245,-0.355,0.558694
1246,-0.354,0.558694
1247,-0.353,0.558694
1248,-0.352,0.558694
1249,-0.351,0.558694
1250,-0.35,0.558694
1251,-0.349,0.558694
1252,-0.348,0.558694
1253,-0.347,0.558694
1254,-0.346,0.558694
1255,-0.345,0.556955
1256,-0.344,0.558694
1257,-0.343,0.558694
1258,-0.342,0.558694
1259,-0.341,0.558694
1260,-0.34,0.558694
1261,-0.339,0.558694
1262,-0.338,0.560433
1263,-0.337,0.560433
1264,-0.336,0.560433
1265,-0.335,0.560433
1266,-0.334,0.560433
1267,-0.333,0.560433
1268,-0.332,0.560433
1269,-0.331,0.560433
1270,-0.33,0.560433
1271,-0.329,0.560433
1272,-0.328,0.560433
1273,-0.327,0.560433
1274,-0.326,0.560433
1275,-0.325,0.560433
1276,-0.324,0.558694
1277,-0.323,0.558694
1278,-0.322,0.558694
1279,-0.321,0.558694
1280,-0.32,0.556955
1281,-0.319,0.558694
1282,-0.318,0.454363
1283,-0.317,0.376115
1284,-0.316,0.334383
1285,-0.315,0.311777
1286,-0.314,0.301344
1287,-0.313,0.296128
1288,-0.312,0.29265
1289,-0.311,0.289172
1290,-0.31,0.285695
1291,-0.309,0.285695
1292,-0.308,0.285695
1293,-0.307,0.285695
1294,-0.306,0.285695
1295,-0.305,0.285695
1296,-0.304,0.285695
1297,-0.303,0.285695
1298,-0.302,0.285695
1299,-0.301,0.285695
1300,-0.3,0.285695
1301,-0.299,0.285695
1302,-0.298,0.285695
1303,-0.297,0.285695
1304,-0.296,0.285695
1305,-0.295,0.285695
1306,-0.294,0.285695
1307,-0.293,0.285695
1308,-0.292,0.285695
1309,-0.291,0.285695
1310,-0.29,0.282217
1311,-0.289,0.283956
1312,-0.288,0.283956
1313,-0.287,0.283956
1314,-0.286,0.283956
1315,-0.285,0.283956
1316,-0.284,0.283956
1317,-0.283,0.283956
1318,-0.282,0.283956
1319,-0.281,0.283956
1320,-0.28,0.283956
1321,-0.279,0.282217
1322,-0.278,0.285695
1323,-0.277,0.285695
1324,-0.276,0.285695
1325,-0.275,0.285695
1326,-0.274,0.285695
1327,-0.273,0.285695
1328,-0.272,0.285695
1329,-0.271,0.282217
1330,-0.27,0.283956
1331,-0.269,0.285695
1332,-0.268,0.303083
1333,-0.267,0.440452
1334,-0.266,0.501312
1335,-0.265,0.456102
1336,-0.264,0.370898
1337,-0.263,0.330905
1338,-0.262,0.3083
1339,-0.261,0.297867
1340,-0.26,0.294389
1341,-0.259,0.287434
1342,-0.258,0.287434
1343,-0.257,0.283956
1344,-0.256,0.285695
1345,-0.255,0.285695
1346,-0.254,0.285695
1347,-0.253,0.285695
1348,-0.252,0.285695
1349,-0.251,0.283956
1350,-0.25,0.283956
1351,-0.249,0.283956
1352,-0.248,0.283956
1353,-0.247,0.283956
1354,-0.246,0.283956
1355,-0.245,0.283956
1356,-0.244,0.283956
1357,-0.243,0.283956
1358,-0.242,0.283956
1359,-0.241,0.283956
1360,-0.24,0.283956
1361,-0.239,0.283956
1362,-0.238,0.285695
1363,-0.237,0.285695
1364,-0.236,0.285695
1365,-0.235,0.285695
1366,-0.234,0.285695
1367,-0.233,0.285695
1368,-0.232,0.285695
1369,-0.231,0.282217
1370,-0.23,0.283956
1371,-0.229,0.283956
1372,-0.228,0.283956
1373,-0.227,0.283956
1374,-0.226,0.283956
1375,-0.225,0.283956
1376,-0.224,0.283956
1377,-0.223,0.283956
1378,-0.222,0.283956
1379,-0.221,0.283956
1380,-0.22,0.283956
1381,-0.219,0.283956
1382,-0.218,0.283956
1383,-0.217,0.334383
1384,-0.216,0.461319
1385,-0.215,0.499573
1386,-0.214,0.409153
1387,-0.213,0.351771
1388,-0.212,0.322211
1389,-0.211,0.303083
1390,-0.21,0.296128
1391,-0.209,0.29265
1392,-0.208,0.287434
1393,-0.207,0.283956
1394,-0.206,0.285695
1395,-0.205,0.285695
1396,-0.204,0.282217
1397,-0.203,0.283956
1398,-0.202,0.283956
1399,-0.201,0.283956
1400,-0.2,0.283956
1401,-0.199,0.282217
1402,-0.198,0.285695
1403,-0.197,0.285695
1404,-0.196,0.285695
1405,-0.195,0.285695
1406,-0.194,0.285695
1407,-0.193,0.285695
1408,-0.192,0.283956
1409,-0.191,0.283956
1410,-0.19,0.283956
1411,-0.189,0.283956
1412,-0.188,0.283956
1413,-0.187,0.283956
1414,-0.186,0.283956
1415,-0.185,0.283956
1416,-0.184,0.283956
1417,-0.183,0.283956
1418,-0.182,0.283956
1419,-0.181,0.283956
1420,-0.18,0.283956
1421,-0.179,0.283956
1422,-0.178,0.282217
1423,-0.177,0.285695
1424,-0.176,0.285695
1425,-0.175,0.285695
1426,-0.174,0.285695
1427,-0.173,0.285695
1428,-0.172,0.282217
1429,-0.171,0.283956
1430,-0.17,0.283956
1431,-0.169,0.283956
1432,-0.168,0.283956
1433,-0.167,0.280478
1434,-0.166,0.372637
1435,-0.165,0.478707
1436,-0.164,0.487401
1437,-0.163,0.391765
1438,-0.162,0.341338
1439,-0.161,0.315255
1440,-0.16,0.301344
1441,-0.159,0.294389
1442,-0.158,0.289172
1443,-0.157,0.285695
1444,-0.156,0.285695
1445,-0.155,0.285695
1446,-0.154,0.285695
1447,-0.153,0.285695
1448,-0.152,0.285695
1449,-0.151,0.285695
1450,-0.15,0.282217
1451,-0.149,0.283956
1452,-0.148,0.283956
1453,-0.147,0.283956
1454,-0.146,0.283956
1455,-0.145,0.283956
1456,-0.144,0.283956
1457,-0.143,0.283956
1458,-0.142,0.283956
1459,-0.141,0.283956
1460,-0.14,0.283956
1461,-0.139,0.282217
1462,-0.138,0.285695
1463,-0.137,0.285695
1464,-0.136,0.285695
1465,-0.135,0.285695
1466,-0.134,0.285695
1467,-0.133,0.285695
1468,-0.132,0.282217
1469,-0.131,0.283956
1470,-0.13,0.283956
1471,-0.129,0.283956
1472,-0.128,0.283956
1473,-0.127,0.283956
1474,-0.126,0.283956
1475,-0.125,0.283956
1476,-0.124,0.283956
1477,-0.123,0.283956
1478,-0.122,0.283956
1479,-0.121,0.283956
1480,-0.12,0.283956
1481,-0.119,0.283956
1482,-0.118,0.283956
1483,-0.117,0.285695
1484,-0.116,0.285695
1485,-0.115,0.410892
1486,-0.114,0.490879
1487,-0.113,0.461319
1488,-0.112,0.372637
1489,-0.111,0.332644
1490,-0.11,0.3083
1491,-0.109,0.297867
1492,-0.108,0.294389
1493,-0.107,0.287434
1494,-0.106,0.285695
1495,-0.105,0.285695
1496,-0.104,0.285695
1497,-0.103,0.282217
1498,-0.102,0.283956
1499,-0.101,0.283956
1500,-0.1,0.283956
1501,-0.099,0.282217
1502,-0.098,0.285695
1503,-0.097,0.285695
1504,-0.096,0.285695
1505,-0.095,0.285695
1506,-0.094,0.285695
1507,-0.093,0.283956
1508,-0.092,0.283956
1509,-0.091,0.283956
1510,-0.09,0.283956
1511,-0.089,0.283956
1512,-0.088,0.283956
1513,-0.087,0.283956
1514,-0.086,0.283956
1515,-0.085,0.283956
1516,-0.084,0.283956
1517,-0.083,0.283956
1518,-0.082,0.283956
1519,-0.081,0.283956
1520,-0.08,0.283956
1521,-0.079,0.283956
1522,-0.078,0.283956
1523,-0.077,0.285695
1524,-0.076,0.285695
1525,-0.075,0.285695
1526,-0.074,0.285695
1527,-0.073,0.282217
1528,-0.072,0.283956
1529,-0.071,0.283956
1530,-0.07,0.283956
1531,-0.069,0.283956
1532,-0.068,0.283956
1533,-0.067,0.283956
1534,-0.066,0.283956
1535,-0.065,0.303083
1536,-0.064,0.438714
1537,-0.063,0.501312
1538,-0.062,0.436975
1539,-0.061,0.362204
1540,-0.06,0.327427
1541,-0.059,0.306561
1542,-0.058,0.297867
1543,-0.057,0.289172
1544,-0.056,0.287434
1545,-0.055,0.285695
1546,-0.054,0.285695
1547,-0.053,0.285695
1548,-0.052,0.285695
1549,-0.051,0.283956
1550,-0.05,0.283956
1551,-0.049,0.283956
1552,-0.048,0.283956
1553,-0.047,0.283956
1554,-0.046,0.283956
1555,-0.045,0.283956
1556,-0.044,0.283956
1557,-0.043,0.283956
1558,-0.042,0.283956
1559,-0.041,0.283956
1560,-0.04,0.283956
1561,-0.039,0.283956
1562,-0.038,0.283956
1563,-0.037,0.285695
1564,-0.036,0.285695
1565,-0.035,0.285695
1566,-0.034,0.283956
1567,-0.033,0.283956
1568,-0.032,0.283956
1569,-0.031,0.283956
1570,-0.03,0.283956
1571,-0.029,0.283956
1572,-0.028,0.283956
1573,-0.027,0.283956
1574,-0.026,0.283956
1575,-0.025,0.283956
1576,-0.024,0.283956
1577,-0.023,0.283956
1578,-0.022,0.283956
1579,-0.021,0.283956
1580,-0.02,0.283956
1581,-0.019,0.283956
1582,-0.018,0.283956
1583,-0.017,0.283956
1584,-0.016,0.283956
1585,-0.015,0.282217
1586,-0.014,0.334383
1587,-0.013,0.45958
1588,-0.012,0.503051
1589,-0.011,0.412631
1590,-0.01,0.35351
1591,-0.009,0.320472
1592,-0.008,0.303083
1593,-0.007,0.296128
1594,-0.006,0.29265
1595,-0.005,0.287434
1596,-0.004,0.283956
1597,-0.003,0.285695
1598,-0.002,0.283956
1599,-0.001,0.283956
1600,0,0.283956
1601,0.001,0.283956
1602,0.002,0.285695
1603,0.003,0.285695
1604,0.004,0.285695
1605,0.005,0.285695
1606,0.006,0.285695
1607,0.007,0.282217
1608,0.008,0.283956
1609,0.009,0.283956
1610,0.01,0.283956
1611,0.011,0.283956
1612,0.012,0.283956
1613,0.013,0.283956
1614,0.014,0.283956
1615,0.015,0.283956
1616,0.016,0.283956
1617,0.017,0.283956
1618,0.018,0.283956
1619,0.019,0.283956
1620,0.02,0.283956
1621,0.021,0.283956
1622,0.022,0.283956
1623,0.023,0.285695
1624,0.024,0.285695
1625,0.025,0.285695
1626,0.026,0.285695
1627,0.027,0.285695
1628,0.028,0.283956
1629,0.029,0.283956
1630,0.03,0.283956
1631,0.031,0.283956
1632,0.032,0.283956
1633,0.033,0.283956
1634,0.034,0.283956
1635,0.035,0.283956
1636,0.036,0.280478
1637,0.037,0.372637
1638,0.038,0.476968
1639,0.039,0.48914
1640,0.04,0.390026
1641,0.041,0.341338
1642,0.042,0.315255
1643,0.043,0.301344
1644,0.044,0.294389
1645,0.045,0.289172
1646,0.046,0.287434
1647,0.047,0.283956
1648,0.048,0.285695
1649,0.049,0.285695
1650,0.05,0.283956
1651,0.051,0.283956
1652,0.052,0.283956
1653,0.053,0.283956
1654,0.054,0.283956
1655,0.055,0.283956
1656,0.056,0.283956
1657,0.057,0.283956
1658,0.058,0.283956
1659,0.059,0.283956
1660,0.06,0.283956
1661,0.061,0.283956
1662,0.062,0.282217
1663,0.063,0.285695
1664,0.064,0.285695
1665,0.065,0.285695
1666,0.066,0.282217
1667,0.067,0.283956
1668,0.068,0.283956
1669,0.069,0.283956
1670,0.07,0.283956
1671,0.071,0.283956
1672,0.072,0.283956
1673,0.073,0.283956
1674,0.074,0.283956
1675,0.075,0.283956
1676,0.076,0.283956
1677,0.077,0.283956
1678,0.078,0.283956
1679,0.079,0.283956
1680,0.08,0.283956
1681,0.081,0.282217
1682,0.082,0.285695
1683,0.083,0.285695
1684,0.084,0.285695
1685,0.085,0.285695
1686,0.086,0.287434
1687,0.087,0.285695
1688,0.088,0.409153
1689,0.089,0.48914
1690,0.09,0.464796
1691,0.091,0.376115
1692,0.092,0.332644
1693,0.093,0.310039
1694,0.094,0.299605
1695,0.095,0.29265
1696,0.096,0.287434
1697,0.097,0.285695
1698,0.098,0.285695
1699,0.099,0.285695
1700,0.1,0.285695
1701,0.101,0.285695
1702,0.102,0.285695
1703,0.103,0.285695
1704,0.104,0.285695
1705,0.105,0.285695
1706,0.106,0.285695
1707,0.107,0.285695
1708,0.108,0.282217
1709,0.109,0.283956
1710,0.11,0.283956
1711,0.111,0.283956
1712,0.112,0.283956
1713,0.113,0.283956
1714,0.114,0.283956
1715,0.115,0.283956
1716,0.116,0.283956
1717,0.117,0.283956
1718,0.118,0.283956
1719,0.119,0.283956
1720,0.12,0.283956
1721,0.121,0.283956
1722,0.122,0.283956
1723,0.123,0.285695
1724,0.124,0.285695
1725,0.125,0.285695
1726,0.126,0.285695
1727,0.127,0.285695
1728,0.128,0.283956
1729,0.129,0.283956
1730,0.13,0.283956
1731,0.131,0.283956
1732,0.132,0.283956
1733,0.133,0.283956
1734,0.134,0.283956
1735,0.135,0.283956
1736,0.136,0.283956
1737,0.137,0.283956
1738,0.138,0.304822
1739,0.139,0.436975
1740,0.14,0.501312
1741,0.141,0.436975
1742,0.142,0.363943
1743,0.143,0.327427
1744,0.144,0.3083
1745,0.145,0.296128
1746,0.146,0.29265
1747,0.147,0.287434
1748,0.148,0.285695
1749,0.149,0.285695
1750,0.15,0.285695
1751,0.151,0.283956
1752,0.152,0.283956
1753,0.153,0.283956
1754,0.154,0.283956
1755,0.155,0.283956
1756,0.156,0.283956
1757,0.157,0.283956
1758,0.158,0.283956
1759,0.159,0.283956
1760,0.16,0.283956
1761,0.161,0.283956
1762,0.162,0.283956
1763,0.163,0.285695
1764,0.164,0.285695
1765,0.165,0.285695
1766,0.166,0.285695
1767,0.167,0.285695
1768,0.168,0.282217
1769,0.169,0.283956
1770,0.17,0.283956
1771,0.171,0.283956
1772,0.172,0.283956
1773,0.173,0.283956
1774,0.174,0.283956
1775,0.175,0.283956
1776,0.176,0.283956
1777,0.177,0.283956
1778,0.178,0.283956
1779,0.179,0.283956
1780,0.18,0.283956
1781,0.181,0.283956
1782,0.182,0.283956
1783,0.183,0.285695
1784,0.184,0.285695
1785,0.185,0.285695
1786,0.186,0.285695
1787,0.187,0.283956
1788,0.188,0.282217
1789,0.189,0.332644
1790,0.19,0.461319
1791,0.191,0.499573
1792,0.192,0.412631
1793,0.193,0.35351
1794,0.194,0.320472
1795,0.195,0.303083
1796,0.196,0.296128
1797,0.197,0.29265
1798,0.198,0.287434
1799,0.199,0.283956
1800,0.2,0.285695
1801,0.201,0.285695
1802,0.202,0.285695
1803,0.203,0.285695
1804,0.204,0.285695
1805,0.205,0.285695
1806,0.206,0.285695
1807,0.207,0.285695
1808,0.208,0.282217
1809,0.209,0.283956
1810,0.21,0.283956
1811,0.211,0.283956
1812,0.212,0.283956
1813,0.213,0.283956
1814,0.214,0.283956
1815,0.215,0.283956
1816,0.216,0.283956
1817,0.217,0.283956
1818,0.218,0.283956
1819,0.219,0.283956
1820,0.22,0.283956
1821,0.221,0.282217
1822,0.222,0.285695
1823,0.223,0.285695
1824,0.224,0.285695
1825,0.225,0.285695
1826,0.226,0.285695
1827,0.227,0.283956
1828,0.228,0.283956
1829,0.229,0.283956
1830,0.23,0.283956
1831,0.231,0.283956
1832,0.232,0.283956
1833,0.233,0.283956
1834,0.234,0.283956
1835,0.235,0.283956
1836,0.236,0.283956
1837,0.237,0.283956
1838,0.238,0.283956
1839,0.239,0.280478
1840,0.24,0.372637
1841,0.241,0.476968
1842,0.242,0.485663
1843,0.243,0.390026
1844,0.244,0.341338
1845,0.245,0.313516
1846,0.246,0.299605
1847,0.247,0.294389
1848,0.248,0.289172
1849,0.249,0.287434
1850,0.25,0.283956
1851,0.251,0.285695
1852,0.252,0.283956
1853,0.253,0.283956
1854,0.254,0.283956
1855,0.255,0.283956
1856,0.256,0.283956
1857,0.257,0.283956
1858,0.258,0.283956
1859,0.259,0.283956
1860,0.26,0.283956
1861,0.261,0.283956
1862,0.262,0.283956
1863,0.263,0.285695
1864,0.264,0.285695
1865,0.265,0.285695
1866,0.266,0.285695
1867,0.267,0.282217
1868,0.268,0.283956
1869,0.269,0.283956
1870,0.27,0.283956
1871,0.271,0.283956
1872,0.272,0.283956
1873,0.273,0.283956
1874,0.274,0.283956
1875,0.275,0.283956
1876,0.276,0.283956
1877,0.277,0.283956
1878,0.278,0.283956
1879,0.279,0.283956
1880,0.28,0.283956
1881,0.281,0.283956
1882,0.282,0.283956
1883,0.283,0.285695
1884,0.284,0.285695
1885,0.285,0.285695
1886,0.286,0.283956
1887,0.287,0.283956
1888,0.288,0.283956
1889,0.289,0.285695
1890,0.29,0.285695
1891,0.291,0.410892
1892,0.292,0.48914
1893,0.293,0.461319
1894,0.294,0.374376
1895,0.295,0.330905
1896,0.296,0.3083
1897,0.297,0.297867
1898,0.298,0.29265
1899,0.299,0.287434
1900,0.3,0.285695
1901,0.301,0.285695
1902,0.302,0.285695
1903,0.303,0.285695
1904,0.304,0.285695
1905,0.305,0.285695
1906,0.306,0.285695
1907,0.307,0.283956
1908,0.308,0.283956
1909,0.309,0.283956
1910,0.31,0.283956
1911,0.311,0.283956
1912,0.312,0.283956
1913,0.313,0.283956
1914,0.314,0.283956
1915,0.315,0.283956
1916,0.316,0.283956
1917,0.317,0.283956
1918,0.318,0.283956
1919,0.319,0.283956
1920,0.32,0.283956
1921,0.321,0.283956
1922,0.322,0.283956
1923,0.323,0.282217
1924,0.324,0.287434
1925,0.325,0.282217
1926,0.326,0.283956
1927,0.327,0.283956
1928,0.328,0.283956
1929,0.329,0.283956
1930,0.33,0.283956
1931,0.331,0.283956
1932,0.332,0.283956
1933,0.333,0.283956
1934,0.334,0.283956
1935,0.335,0.283956
1936,0.336,0.283956
1937,0.337,0.283956
1938,0.338,0.283956
1939,0.339,0.283956
1940,0.34,0.285695
1941,0.341,0.303083
1942,0.342,0.438714
1943,0.343,0.503051
1944,0.344,0.431758
1945,0.345,0.360465
1946,0.346,0.325688
1947,0.347,0.304822
1948,0.348,0.297867
1949,0.349,0.289172
1950,0.35,0.287434
1951,0.351,0.283956
1952,0.352,0.285695
1953,0.353,0.283956
1954,0.354,0.283956
1955,0.355,0.283956
1956,0.356,0.283956
1957,0.357,0.283956
1958,0.358,0.283956
1959,0.359,0.283956
1960,0.36,0.283956
1961,0.361,0.283956
1962,0.362,0.283956
1963,0.363,0.283956
1964,0.364,0.285695
1965,0.365,0.285695
1966,0.366,0.283956
1967,0.367,0.283956
1968,0.368,0.283956
1969,0.369,0.283956
1970,0.37,0.283956
1971,0.371,0.283956
1972,0.372,0.283956
1973,0.373,0.283956
1974,0.374,0.283956
1975,0.375,0.283956
1976,0.376,0.283956
1977,0.377,0.283956
1978,0.378,0.283956
1979,0.379,0.283956
1980,0.38,0.283956
1981,0.381,0.283956
1982,0.382,0.283956
1983,0.383,0.282217
1984,0.384,0.285695
1985,0.385,0.285695
1986,0.386,0.282217
1987,0.387,0.283956
1988,0.388,0.283956
1989,0.389,0.283956
1990,0.39,0.283956
1991,0.391,0.282217
1992,0.392,0.332644
1993,0.393,0.461319
1994,0.394,0.499573
1995,0.395,0.409153
1996,0.396,0.351771
1997,0.397,0.320472
1998,0.398,0.304822
1999,0.399,0.294389
2000,0.4,0.289172
2001,0.401,0.287434
2002,0.402,0.283956
2003,0.403,0.285695
2004,0.404,0.285695
2005,0.405,0.285695
2006,0.406,0.285695
2007,0.407,0.283956
2008,0.408,0.283956
2009,0.409,0.283956
2010,0.41,0.283956
2011,0.411,0.283956
2012,0.412,0.283956
2013,0.413,0.283956
2014,0.414,0.283956
2015,0.415,0.283956
2016,0.416,0.283956
2017,0.417,0.283956
2018,0.418,0.283956
2019,0.419,0.283956
2020,0.42,0.283956
2021,0.421,0.283956
2022,0.422,0.283956
2023,0.423,0.283956
2024,0.424,0.283956
2025,0.425,0.283956
2026,0.426,0.283956
2027,0.427,0.283956
2028,0.428,0.283956
2029,0.429,0.283956
2030,0.43,0.283956
2031,0.431,0.283956
2032,0.432,0.283956
2033,0.433,0.283956
2034,0.434,0.283956
2035,0.435,0.283956
2036,0.436,0.283956
2037,0.437,0.283956
2038,0.438,0.283956
2039,0.439,0.283956
2040,0.44,0.283956
2041,0.441,0.283956
2042,0.442,0.282217
2043,0.443,0.370898
2044,0.444,0.475229
2045,0.445,0.48914
2046,0.446,0.391765
2047,0.447,0.341338
2048,0.448,0.315255
2049,0.449,0.301344
2050,0.45,0.294389
2051,0.451,0.287434
2052,0.452,0.285695
2053,0.453,0.285695
2054,0.454,0.283956
2055,0.455,0.283956
2056,0.456,0.283956
2057,0.457,0.283956
2058,0.458,0.283956
2059,0.459,0.283956
2060,0.46,0.283956
2061,0.461,0.283956
2062,0.462,0.283956
2063,0.463,0.283956
2064,0.464,0.283956
2065,0.465,0.283956
2066,0.466,0.283956
2067,0.467,0.283956
2068,0.468,0.283956
2069,0.469,0.283956
2070,0.47,0.283956
2071,0.471,0.283956
2072,0.472,0.283956
2073,0.473,0.283956
2074,0.474,0.283956
2075,0.475,0.283956
2076,0.476,0.283956
2077,0.477,0.283956
2078,0.478,0.283956
2079,0.479,0.283956
2080,0.48,0.283956
2081,0.481,0.283956
2082,0.482,0.283956
2083,0.483,0.282217
2084,0.484,0.285695
2085,0.485,0.283956
2086,0.486,0.283956
2087,0.487,0.283956
2088,0.488,0.283956
2089,0.489,0.283956
2090,0.49,0.283956
2091,0.491,0.283956
2092,0.492,0.285695
2093,0.493,0.283956
2094,0.494,0.405675
2095,0.495,0.487401
2096,0.496,0.475229
2097,0.497,0.38307
2098,0.498,0.334383
2099,0.499,0.311777
2100,0.5,0.299605
2101,0.501,0.29265
2102,0.502,0.287434
2103,0.503,0.287434
2104,0.504,0.283956
2105,0.505,0.285695
2106,0.506,0.285695
2107,0.507,0.285695
2108,0.508,0.282217
2109,0.509,0.283956
2110,0.51,0.283956
2111,0.511,0.283956
2112,0.512,0.283956
2113,0.513,0.283956
2114,0.514,0.283956
2115,0.515,0.283956
2116,0.516,0.283956
2117,0.517,0.283956
2118,0.518,0.283956
2119,0.519,0.283956
2120,0.52,0.283956
2121,0.521,0.283956
2122,0.522,0.283956
2123,0.523,0.283956
2124,0.524,0.283956
2125,0.525,0.283956
2126,0.526,0.283956
2127,0.527,0.283956
2128,0.528,0.283956
2129,0.529,0.283956
2130,0.53,0.283956
2131,0.531,0.283956
2132,0.532,0.283956
2133,0.533,0.283956
2134,0.534,0.283956
2135,0.535,0.283956
2136,0.536,0.283956
2137,0.537,0.283956
2138,0.538,0.283956
2139,0.539,0.283956
2140,0.54,0.283956
2141,0.541,0.283956
2142,0.542,0.283956
2143,0.543,0.285695
2144,0.544,0.297867
2145,0.545,0.435236
2146,0.546,0.499573
2147,0.547,0.45958
2148,0.548,0.374376
2149,0.549,0.330905
2150,0.55,0.3083
2151,0.551,0.297867
2152,0.552,0.29265
2153,0.553,0.289172
2154,0.554,0.285695
2155,0.555,0.285695
2156,0.556,0.283956
2157,0.557,0.283956
2158,0.558,0.283956
2159,0.559,0.283956
2160,0.56,0.283956
2161,0.561,0.283956
2162,0.562,0.283956
2163,0.563,0.283956
2164,0.564,0.285695
2165,0.565,0.283956
2166,0.566,0.283956
2167,0.567,0.283956
2168,0.568,0.283956
2169,0.569,0.283956
2170,0.57,0.283956
2171,0.571,0.283956
2172,0.572,0.283956
2173,0.573,0.283956
2174,0.574,0.283956
2175,0.575,0.283956
2176,0.576,0.283956
2177,0.577,0.283956
2178,0.578,0.283956
2179,0.579,0.283956
2180,0.58,0.283956
2181,0.581,0.283956
2182,0.582,0.283956
2183,0.583,0.283956
2184,0.584,0.283956
2185,0.585,0.283956
2186,0.586,0.283956
2187,0.587,0.283956
2188,0.588,0.283956
2189,0.589,0.283956
2190,0.59,0.283956
2191,0.591,0.283956
2192,0.592,0.283956
2193,0.593,0.283956
2194,0.594,0.282217
2195,0.595,0.325688
2196,0.596,0.457841
2197,0.597,0.506529
2198,0.598,0.433497
2199,0.599,0.360465
2200,0.6,0.325688
2201,0.601,0.304822
2202,0.602,0.297867
2203,0.603,0.289172
2204,0.604,0.287434
2205,0.605,0.285695
2206,0.606,0.285695
2207,0.607,0.285695
2208,0.608,0.285695
2209,0.609,0.282217
2210,0.61,0.283956
2211,0.611,0.283956
2212,0.612,0.283956
2213,0.613,0.283956
2214,0.614,0.283956
2215,0.615,0.283956
2216,0.616,0.283956
2217,0.617,0.283956
2218,0.618,0.283956
2219,0.619,0.283956
2220,0.62,0.283956
2221,0.621,0.283956
2222,0.622,0.283956
2223,0.623,0.283956
2224,0.624,0.283956
2225,0.625,0.283956
2226,0.626,0.283956
2227,0.627,0.283956
2228,0.628,0.283956
2229,0.629,0.283956
2230,0.63,0.283956
2231,0.631,0.283956
2232,0.632,0.283956
2233,0.633,0.283956
2234,0.634,0.283956
2235,0.635,0.283956
2236,0.636,0.283956
2237,0.637,0.283956
2238,0.638,0.283956
2239,0.639,0.283956
2240,0.64,0.283956
2241,0.641,0.283956
2242,0.642,0.283956
2243,0.643,0.283956
2244,0.644,0.283956
2245,0.645,0.282217
2246,0.646,0.363943
2247,0.647,0.476968
2248,0.648,0.494357
2249,0.649,0.39872
2250,0.65,0.346554
2251,0.651,0.315255
2252,0.652,0.301344
2253,0.653,0.294389
2254,0.654,0.287434
2255,0.655,0.285695
2256,0.656,0.285695
2257,0.657,0.285695
2258,0.658,0.282217
2259,0.659,0.283956
2260,0.66,0.283956
2261,0.661,0.283956
2262,0.662,0.283956
2263,0.663,0.283956
2264,0.664,0.283956
2265,0.665,0.283956
2266,0.666,0.283956
2267,0.667,0.283956
2268,0.668,0.283956
2269,0.669,0.283956
2270,0.67,0.283956
2271,0.671,0.283956
2272,0.672,0.283956
2273,0.673,0.283956
2274,0.674,0.283956
2275,0.675,0.283956
2276,0.676,0.283956
2277,0.677,0.283956
2278,0.678,0.283956
2279,0.679,0.283956
2280,0.68,0.283956
2281,0.681,0.283956
2282,0.682,0.283956
2283,0.683,0.283956
2284,0.684,0.283956
2285,0.685,0.283956
2286,0.686,0.283956
2287,0.687,0.283956
2288,0.688,0.283956
2289,0.689,0.283956
2290,0.69,0.283956
2291,0.691,0.283956
2292,0.692,0.283956
2293,0.693,0.283956
2294,0.694,0.283956
2295,0.695,0.285695
2296,0.696,0.283956
2297,0.697,0.400459
2298,0.698,0.485663
2299,0.699,0.501312
2300,0.7,0.50479
2301,0.701,0.515223
2302,0.702,0.513484
2303,0.703,0.518701
2304,0.704,0.516962
2305,0.705,0.52044
2306,0.706,0.52044
2307,0.707,0.518701
2308,0.708,0.522178
2309,0.709,0.52044
2310,0.71,0.522178
2311,0.711,0.52044
2312,0.712,0.52044
2313,0.713,0.52044
2314,0.714,0.52044
2315,0.715,0.52044
2316,0.716,0.52044
2317,0.717,0.52044
2318,0.718,0.52044
2319,0.719,0.52044
2320,0.72,0.52044
2321,0.721,0.52044
2322,0.722,0.52044
2323,0.723,0.52044
2324,0.724,0.52044
2325,0.725,0.52044
2326,0.726,0.52044
2327,0.727,0.52044
2328,0.728,0.52044
2329,0.729,0.52044
2330,0.73,0.522178
2331,0.731,0.52044
2332,0.732,0.522178
2333,0.733,0.52044
2334,0.734,0.52044
2335,0.735,0.52044
2336,0.736,0.52044
2337,0.737,0.52044
2338,0.738,0.52044
2339,0.739,0.52044
2340,0.74,0.52044
2341,0.741,0.52044
2342,0.742,0.52044
2343,0.743,0.52044
2344,0.744,0.52044
2345,0.745,0.52044
2346,0.746,0.52044
2347,0.747,0.52044
2348,0.748,0.52044
2349,0.749,0.52044
2350,0.75,0.52044
2351,0.751,0.52044
2352,0.752,0.52044
2353,0.753,0.52044
2354,0.754,0.522178
2355,0.755,0.522178
2356,0.756,0.52044
2357,0.757,0.52044
2358,0.758,0.52044
2359,0.759,0.52044
2360,0.76,0.52044
2361,0.761,0.52044
2362,0.762,0.52044
2363,0.763,0.52044
2364,0.764,0.52044
2365,0.765,0.52044
2366,0.766,0.52044
2367,0.767,0.52044
2368,0.768,0.52044
2369,0.769,0.52044
2370,0.77,0.52044
2371,0.771,0.52044
2372,0.772,0.52044
2373,0.773,0.52044
2374,0.774,0.52044
2375,0.775,0.52044
2376,0.776,0.52044
2377,0.777,0.52044
2378,0.778,0.52044
2379,0.779,0.52044
2380,0.78,0.52044
2381,0.781,0.52044
2382,0.782,0.52044
2383,0.783,0.52044
2384,0.784,0.52044
2385,0.785,0.52044
2386,0.786,0.52044
2387,0.787,0.52044
2388,0.788,0.522178
2389,0.789,0.52044
2390,0.79,0.52044
2391,0.791,0.52044
2392,0.792,0.562172
2393,0.793,0.67172
2394,0.794,0.734318
2395,0.795,0.774312
2396,0.796,0.798656
2397,0.797,0.814305
2398,0.798,0.824738
2399,0.799,0.835172
2400,0.8,0.838649
2401,0.801,0.842127
2402,0.802,0.843866
2403,0.803,0.843866
2404,0.804,0.847344
2405,0.805,0.845605
2406,0.806,0.847344
2407,0.807,0.847344
2408,0.808,0.849082
2409,0.809,0.86821
2410,0.81,0.944719
2411,0.811,0.902987
2412,0.812,0.887337
2413,0.813,0.873426
2414,0.814,0.866471
2415,0.815,0.857777
2416,0.816,0.854299
2417,0.817,0.85256
2418,0.818,0.850821
2419,0.819,0.850821
2420,0.82,0.849082
2421,0.821,0.849082
2422,0.822,0.849082
2423,0.823,0.850821
2424,0.824,0.843866
2425,0.825,0.944719
2426,0.826,0.918636
2427,0.827,0.896031
2428,0.828,0.876904
2429,0.829,0.86821
2430,0.83,0.861254
2431,0.831,0.856038
2432,0.832,0.854299
2433,0.833,0.85256
2434,0.834,0.85256
2435,0.835,0.849082
2436,0.836,0.849082
2437,0.837,0.849082
2438,0.838,0.849082
2439,0.839,0.845605
2440,0.84,0.902987
2441,0.841,0.936025
2442,0.842,0.902987
2443,0.843,0.88212
2444,0.844,0.871687
2445,0.845,0.862993
2446,0.846,0.857777
2447,0.847,0.854299
2448,0.848,0.850821
2449,0.849,0.850821
2450,0.85,0.850821
2451,0.851,0.849082
2452,0.852,0.849082
2453,0.853,0.849082
2454,0.854,0.850821
2455,0.855,0.861254
2456,0.856,0.951675
2457,0.857,0.909942
2458,0.858,0.890815
2459,0.859,0.873426
2460,0.86,0.86821
2461,0.861,0.861254
2462,0.862,0.856038
2463,0.863,0.85256
2464,0.864,0.850821
2465,0.865,0.850821
2466,0.866,0.849082
2467,0.867,0.849082
2468,0.868,0.849082
2469,0.869,0.850821
2470,0.87,0.843866
2471,0.871,0.939503
2472,0.872,0.922114
2473,0.873,0.89777
2474,0.874,0.878643
2475,0.875,0.86821
2476,0.876,0.862993
2477,0.877,0.854299
2478,0.878,0.854299
2479,0.879,0.85256
2480,0.88,0.85256
2481,0.881,0.849082
2482,0.882,0.849082
2483,0.883,0.849082
2484,0.884,0.849082
2485,0.885,0.847344
2486,0.886,0.894292
2487,0.887,0.941241
2488,0.888,0.902987
2489,0.889,0.887337
2490,0.89,0.871687
2491,0.891,0.864732
2492,0.892,0.856038
2493,0.893,0.85256
2494,0.894,0.85256
2495,0.895,0.85256
2496,0.896,0.849082
2497,0.897,0.849082
2498,0.898,0.849082
2499,0.899,0.849082
2500,0.9,0.850821
2501,0.901,0.85256
2502,0.902,0.953413
2503,0.903,0.909942
2504,0.904,0.892554
2505,0.905,0.876904
2506,0.906,0.866471
2507,0.907,0.861254
2508,0.908,0.856038
2509,0.909,0.85256
2510,0.91,0.850821
2511,0.911,0.85256
2512,0.912,0.849082
2513,0.913,0.849082
2514,0.914,0.849082
2515,0.915,0.850821
2516,0.916,0.847344
2517,0.917,0.88212
2518,0.918,0.86821
2519,0.919,0.862993
2520,0.92,0.857777
2521,0.921,0.864732
2522,0.922,0.856038
2523,0.923,0.85256
2524,0.924,0.85256
2525,0.925,0.850821
2526,0.926,0.845605
2527,0.927,0.729102
2528,0.928,0.650853
2529,0.929,0.61086
2530,0.93,0.588255
2531,0.931,0.572605
2532,0.932,0.567389
2533,0.933,0.563911
2534,0.934,0.562172
2535,0.935,0.558694
2536,0.936,0.558694
2537,0.937,0.556955
2538,0.938,0.560433
2539,0.939,0.556955
2540,0.94,0.556955
2541,0.941,0.560433
2542,0.942,0.558694
2543,0.943,0.558694
2544,0.944,0.558694
2545,0.945,0.558694
2546,0.946,0.558694
2547,0.947,0.558694
2548,0.948,0.558694
2549,0.949,0.558694
2550,0.95,0.558694
2551,0.951,0.558694
2552,0.952,0.558694
2553,0.953,0.558694
2554,0.954,0.558694
2555,0.955,0.558694
2556,0.956,0.558694
2557,0.957,0.558694
2558,0.958,0.558694
2559,0.959,0.560433
2560,0.96,0.556955
2561,0.961,0.558694
2562,0.962,0.556955
2563,0.963,0.558694
2564,0.964,0.556955
2565,0.965,0.560433
2566,0.966,0.560433
2567,0.967,0.558694
2568,0.968,0.558694
2569,0.969,0.558694
2570,0.97,0.558694
2571,0.971,0.558694
2572,0.972,0.560433
2573,0.973,0.560433
2574,0.974,0.560433
2575,0.975,0.560433
2576,0.976,0.556955
2577,0.977,0.556955
2578,0.978,0.556955
2579,0.979,0.556955
2580,0.98,0.556955
2581,0.981,0.556955
2582,0.982,0.556955
2583,0.983,0.556955
2584,0.984,0.556955
2585,0.985,0.556955
2586,0.986,0.556955
2587,0.987,0.556955
2588,0.988,0.556955
2589,0.989,0.556955
2590,0.99,0.556955
2591,0.991,0.556955
2592,0.992,0.555217
2593,0.993,0.556955
2594,0.994,0.556955
2595,0.995,0.556955
2596,0.996,0.556955
2597,0.997,0.556955
2598,0.998,0.556955
2599,0.999,0.556955
2600,1,0.555217
2601,1.001,0.556955
2602,1.002,0.556955
2603,1.003,0.556955
2604,1.004,0.556955
2605,1.005,0.556955
2606,1.006,0.556955
2607,1.007,0.556955
2608,1.008,0.556955
2609,1.009,0.556955
2610,1.01,0.556955
2611,1.011,0.556955
2612,1.012,0.556955
2613,1.013,0.556955
2614,1.014,0.556955
2615,1.015,0.556955
2616,1.016,0.556955
2617,1.017,0.556955
2618,1.018,0.556955
2619,1.019,0.556955
2620,1.02,0.556955
2621,1.021,0.558694
2622,1.022,0.558694
2623,1.023,0.558694
2624,1.024,0.558694
2625,1.025,0.556955
2626,1.026,0.556955
2627,1.027,0.558694
2628,1.028,0.558694
2629,1.029,0.558694
2630,1.03,0.558694
2631,1.031,0.558694
2632,1.032,0.558694
2633,1.033,0.558694
2634,1.034,0.558694
2635,1.035,0.558694
2636,1.036,0.558694
2637,1.037,0.558694
2638,1.038,0.558694
2639,1.039,0.556955
2640,1.04,0.560433
2641,1.041,0.556955
2642,1.042,0.556955
2643,1.043,0.556955
2644,1.044,0.556955
2645,1.045,0.556955
2646,1.046,0.556955
2647,1.047,0.556955
2648,1.048,0.556955
2649,1.049,0.556955
2650,1.05,0.556955
2651,1.051,0.556955
2652,1.052,0.556955
2653,1.053,0.556955
2654,1.054,0.556955
2655,1.055,0.556955
2656,1.056,0.556955
2657,1.057,0.556955
2658,1.058,0.556955
2659,1.059,0.556955
2660,1.06,0.556955
2661,1.061,0.556955
2662,1.062,0.556955
2663,1.063,0.556955
2664,1.064,0.556955
2665,1.065,0.556955
2666,1.066,0.556955
2667,1.067,0.556955
2668,1.068,0.556955
2669,1.069,0.556955
2670,1.07,0.556955
2671,1.071,0.556955
2672,1.072,0.556955
2673,1.073,0.558694
2674,1.074,0.555217
2675,1.075,0.556955
2676,1.076,0.556955
2677,1.077,0.556955
2678,1.078,0.556955
2679,1.079,0.555217
2680,1.08,0.558694
2681,1.081,0.556955
2682,1.082,0.556955
2683,1.083,0.556955
2684,1.084,0.556955
2685,1.085,0.556955
2686,1.086,0.558694
2687,1.087,0.558694
2688,1.088,0.558694
2689,1.089,0.558694
2690,1.09,0.558694
2691,1.091,0.558694
2692,1.092,0.558694
2693,1.093,0.558694
2694,1.094,0.558694
2695,1.095,0.558694
2696,1.096,0.558694
2697,1.097,0.558694
2698,1.098,0.558694
2699,1.099,0.558694
2700,1.1,0.558694
2701,1.101,0.558694
2702,1.102,0.558694
2703,1.103,0.558694
2704,1.104,0.556955
2705,1.105,0.560433
2706,1.106,0.558694
2707,1.107,0.555217
2708,1.108,0.556955
2709,1.109,0.556955
2710,1.11,0.556955
2711,1.111,0.556955
2712,1.112,0.556955
2713,1.113,0.556955
2714,1.114,0.556955
2715,1.115,0.556955
2716,1.116,0.556955
2717,1.117,0.556955
2718,1.118,0.556955
2719,1.119,0.556955
2720,1.12,0.555217
2721,1.121,0.558694
2722,1.122,0.558694
2723,1.123,0.555217
2724,1.124,0.556955
2725,1.125,0.556955
2726,1.126,0.556955
2727,1.127,0.556955
2728,1.128,0.555217
2729,1.129,0.558694
2730,1.13,0.556955
2731,1.131,0.556955
2732,1.132,0.556955
2733,1.133,0.556955
2734,1.134,0.556955
2735,1.135,0.556955
2736,1.136,0.558694
2737,1.137,0.558694
2738,1.138,0.556955
2739,1.139,0.556955
2740,1.14,0.556955
2741,1.141,0.556955
2742,1.142,0.556955
2743,1.143,0.556955
2744,1.144,0.556955
2745,1.145,0.555217
2746,1.146,0.558694
2747,1.147,0.556955
2748,1.148,0.556955
2749,1.149,0.556955
2750,1.15,0.556955
2751,1.151,0.556955
2752,1.152,0.556955
2753,1.153,0.556955
2754,1.154,0.556955
2755,1.155,0.558694
2756,1.156,0.558694
2757,1.157,0.558694
2758,1.158,0.558694
2759,1.159,0.558694
2760,1.16,0.558694
2761,1.161,0.558694
2762,1.162,0.558694
2763,1.163,0.558694
2764,1.164,0.558694
2765,1.165,0.558694
2766,1.166,0.558694
2767,1.167,0.558694
2768,1.168,0.558694
2769,1.169,0.558694
2770,1.17,0.558694
2771,1.171,0.556955
2772,1.172,0.556955
2773,1.173,0.556955
2774,1.174,0.556955
2775,1.175,0.556955
2776,1.176,0.556955
2777,1.177,0.556955
2778,1.178,0.556955
2779,1.179,0.556955
2780,1.18,0.556955
2781,1.181,0.556955
2782,1.182,0.556955
2783,1.183,0.556955
2784,1.184,0.556955
2785,1.185,0.556955
2786,1.186,0.556955
2787,1.187,0.556955
2788,1.188,0.556955
2789,1.189,0.556955
2790,1.19,0.556955
2791,1.191,0.556955
2792,1.192,0.556955
2793,1.193,0.558694
2794,1.194,0.558694
2795,1.195,0.558694
2796,1.196,0.556955
2797,1.197,0.556955
2798,1.198,0.555217
2799,1.199,0.558694
2800,1.2,0.558694
2801,1.201,0.558694
2802,1.202,0.558694
2803,1.203,0.558694
2804,1.204,0.558694
2805,1.205,0.555217
2806,1.206,0.556955
2807,1.207,0.555217
2808,1.208,0.558694
2809,1.209,0.558694
2810,1.21,0.558694
2811,1.211,0.558694
2812,1.212,0.558694
2813,1.213,0.558694
2814,1.214,0.558694
2815,1.215,0.558694
2816,1.216,0.558694
2817,1.217,0.558694
2818,1.218,0.558694
2819,1.219,0.558694
2820,1.22,0.558694
2821,1.221,0.558694
2822,1.222,0.558694
2823,1.223,0.558694
2824,1.224,0.558694
2825,1.225,0.558694
2826,1.226,0.558694
2827,1.227,0.558694
2828,1.228,0.558694
2829,1.229,0.558694
2830,1.23,0.558694
2831,1.231,0.558694
2832,1.232,0.558694
2833,1.233,0.558694
2834,1.234,0.560433
2835,1.235,0.560433
2836,1.236,0.560433
2837,1.237,0.558694
2838,1.238,0.555217
2839,1.239,0.556955
2840,1.24,0.556955
2841,1.241,0.556955
2842,1.242,0.556955
2843,1.243,0.555217
2844,1.244,0.558694
2845,1.245,0.556955
2846,1.246,0.556955
2847,1.247,0.556955
2848,1.248,0.556955
2849,1.249,0.556955
2850,1.25,0.556955
2851,1.251,0.556955
2852,1.252,0.556955
2853,1.253,0.558694
2854,1.254,0.555217
2855,1.255,0.556955
2856,1.256,0.556955
2857,1.257,0.556955
2858,1.258,0.558694
2859,1.259,0.558694
2860,1.26,0.558694
2861,1.261,0.558694
2862,1.262,0.558694
2863,1.263,0.555217
2864,1.264,0.556955
2865,1.265,0.556955
2866,1.266,0.558694
2867,1.267,0.558694
2868,1.268,0.558694
2869,1.269,0.556955
2870,1.27,0.556955
2871,1.271,0.556955
2872,1.272,0.556955
2873,1.273,0.556955
2874,1.274,0.556955
2875,1.275,0.556955
2876,1.276,0.556955
2877,1.277,0.558694
2878,1.278,0.558694
2879,1.279,0.558694
2880,1.28,0.558694
2881,1.281,0.558694
2882,1.282,0.558694
2883,1.283,0.558694
2884,1.284,0.558694
2885,1.285,0.558694
2886,1.286,0.558694
2887,1.287,0.558694
2888,1.288,0.558694
2889,1.289,0.558694
2890,1.29,0.558694
2891,1.291,0.558694
2892,1.292,0.556955
2893,1.293,0.560433
2894,1.294,0.556955
2895,1.295,0.558694
2896,1.296,0.558694
2897,1.297,0.558694
2898,1.298,0.558694
2899,1.299,0.558694
2900,1.3,0.558694
2901,1.301,0.560433
2902,1.302,0.556955
2903,1.303,0.556955
2904,1.304,0.556955
2905,1.305,0.556955
2906,1.306,0.556955
2907,1.307,0.556955
2908,1.308,0.555217
2909,1.309,0.558694
2910,1.31,0.558694
2911,1.311,0.555217
2912,1.312,0.556955
2913,1.313,0.556955
2914,1.314,0.556955
2915,1.315,0.556955
2916,1.316,0.556955
2917,1.317,0.556955
2918,1.318,0.558694
2919,1.319,0.558694
2920,1.32,0.555217
2921,1.321,0.558694
2922,1.322,0.558694
2923,1.323,0.558694
2924,1.324,0.558694
2925,1.325,0.558694
2926,1.326,0.558694
2927,1.327,0.558694
2928,1.328,0.558694
2929,1.329,0.558694
2930,1.33,0.558694
2931,1.331,0.558694
2932,1.332,0.558694
2933,1.333,0.558694
2934,1.334,0.558694
2935,1.335,0.558694
2936,1.336,0.558694
2937,1.337,0.558694
2938,1.338,0.558694
2939,1.339,0.558694
2940,1.34,0.558694
2941,1.341,0.558694
2942,1.342,0.558694
2943,1.343,0.558694
2944,1.344,0.558694
2945,1.345,0.558694
2946,1.346,0.558694
2947,1.347,0.558694
2948,1.348,0.558694
2949,1.349,0.558694
2950,1.35,0.558694
2951,1.351,0.558694
2952,1.352,0.558694
2953,1.353,0.558694
2954,1.354,0.558694
2955,1.355,0.558694
2956,1.356,0.558694
2957,1.357,0.558694
2958,1.358,0.560433
2959,1.359,0.560433
2960,1.36,0.560433
2961,1.361,0.560433
2962,1.362,0.560433
2963,1.363,0.560433
2964,1.364,0.560433
2965,1.365,0.560433
2966,1.366,0.560433
2967,1.367,0.560433
2968,1.368,0.556955
2969,1.369,0.558694
2970,1.37,0.558694
2971,1.371,0.555217
2972,1.372,0.556955
2973,1.373,0.556955
2974,1.374,0.556955
2975,1.375,0.556955
2976,1.376,0.556955
2977,1.377,0.556955
2978,1.378,0.555217
2979,1.379,0.558694
2980,1.38,0.558694
2981,1.381,0.558694
2982,1.382,0.558694
2983,1.383,0.558694
2984,1.384,0.558694
2985,1.385,0.558694
2986,1.386,0.558694
2987,1.387,0.558694
2988,1.388,0.558694
2989,1.389,0.558694
2990,1.39,0.556955
2991,1.391,0.560433
2992,1.392,0.556955
2993,1.393,0.558694
2994,1.394,0.558694
2995,1.395,0.558694
2996,1.396,0.558694
2997,1.397,0.560433
2998,1.398,0.560433
2999,1.399,0.560433
3000,1.4,0.560433
3001,1.401,0.556955
3002,1.402,0.558694
3003,1.403,0.558694
3004,1.404,0.558694
3005,1.405,0.558694
3006,1.406,0.558694
3007,1.407,0.558694
3008,1.408,0.558694
3009,1.409,0.558694
3010,1.41,0.558694
3011,1.411,0.558694
3012,1.412,0.558694
3013,1.413,0.558694
3014,1.414,0.556955
3015,1.415,0.560433
3016,1.416,0.560433
3017,1.417,0.560433
3018,1.418,0.560433
3019,1.419,0.560433
3020,1.42,0.560433
3021,1.421,0.560433
3022,1.422,0.560433
3023,1.423,0.560433
3024,1.424,0.560433
3025,1.425,0.560433
3026,1.426,0.560433
3027,1.427,0.560433
3028,1.428,0.560433
3029,1.429,0.560433
3030,1.43,0.560433
3031,1.431,0.560433
3032,1.432,0.560433
3033,1.433,0.558694
3034,1.434,0.558694
3035,1.435,0.558694
3036,1.436,0.558694
3037,1.437,0.558694
3038,1.438,0.558694
3039,1.439,0.558694
3040,1.44,0.558694
3041,1.441,0.558694
3042,1.442,0.558694
3043,1.443,0.558694
3044,1.444,0.558694
3045,1.445,0.558694
3046,1.446,0.558694
3047,1.447,0.558694
3048,1.448,0.558694
3049,1.449,0.556955
3050,1.45,0.558694
3051,1.451,0.558694
3052,1.452,0.558694
3053,1.453,0.558694
3054,1.454,0.556955
3055,1.455,0.560433
3056,1.456,0.560433
3057,1.457,0.560433
3058,1.458,0.560433
3059,1.459,0.560433
3060,1.46,0.560433
3061,1.461,0.560433
3062,1.462,0.560433
3063,1.463,0.560433
3064,1.464,0.560433
3065,1.465,0.560433
3066,1.466,0.560433
3067,1.467,0.556955
3068,1.468,0.558694
3069,1.469,0.558694
3070,1.47,0.558694
3071,1.471,0.558694
3072,1.472,0.558694
3073,1.473,0.558694
3074,1.474,0.558694
3075,1.475,0.558694
3076,1.476,0.558694
3077,1.477,0.558694
3078,1.478,0.556955
3079,1.479,0.560433
3080,1.48,0.560433
3081,1.481,0.560433
3082,1.482,0.560433
3083,1.483,0.560433
3084,1.484,0.560433
3085,1.485,0.560433
3086,1.486,0.560433
3087,1.487,0.560433
3088,1.488,0.560433
3089,1.489,0.560433
3090,1.49,0.560433
3091,1.491,0.560433
3092,1.492,0.560433
3093,1.493,0.560433
3094,1.494,0.560433
3095,1.495,0.560433
3096,1.496,0.560433
3097,1.497,0.562172
3098,1.498,0.558694
3099,1.499,0.558694
3100,1.5,0.558694
3101,1.501,0.558694
3102,1.502,0.555217
3103,1.503,0.556955
3104,1.504,0.556955
3105,1.505,0.558694
3106,1.506,0.558694
3107,1.507,0.555217
3108,1.508,0.555217
3109,1.509,0.558694
3110,1.51,0.558694
3111,1.511,0.558694
3112,1.512,0.558694
3113,1.513,0.558694
3114,1.514,0.558694
3115,1.515,0.558694
3116,1.516,0.558694
3117,1.517,0.558694
3118,1.518,0.558694
3119,1.519,0.558694
3120,1.52,0.558694
3121,1.521,0.558694
3122,1.522,0.558694
3123,1.523,0.558694
3124,1.524,0.558694
3125,1.525,0.558694
3126,1.526,0.558694
3127,1.527,0.556955
3128,1.528,0.560433
3129,1.529,0.560433
3130,1.53,0.560433
3131,1.531,0.556955
3132,1.532,0.558694
3133,1.533,0.558694
3134,1.534,0.558694
3135,1.535,0.558694
3136,1.536,0.558694
3137,1.537,0.558694
3138,1.538,0.558694
3139,1.539,0.558694
3140,1.54,0.558694
3141,1.541,0.558694
3142,1.542,0.558694
3143,1.543,0.558694
3144,1.544,0.558694
3145,1.545,0.558694
3146,1.546,0.558694
3147,1.547,0.558694
3148,1.548,0.558694
3149,1.549,0.558694
3150,1.55,0.558694
3151,1.551,0.558694
3152,1.552,0.558694
3153,1.553,0.558694
3154,1.554,0.560433
3155,1.555,0.560433
3156,1.556,0.560433
3157,1.557,0.560433
3158,1.558,0.560433
3159,1.559,0.560433
3160,1.56,0.560433
3161,1.561,0.560433
3162,1.562,0.558694
3163,1.563,0.558694
3164,1.564,0.558694
3165,1.565,0.558694
3166,1.566,0.558694
3167,1.567,0.558694
3168,1.568,0.558694
3169,1.569,0.558694
3170,1.57,0.558694
3171,1.571,0.558694
3172,1.572,0.558694
3173,1.573,0.558694
3174,1.574,0.558694
3175,1.575,0.558694
3176,1.576,0.558694
3177,1.577,0.558694
3178,1.578,0.558694
3179,1.579,0.558694
3180,1.58,0.558694
3181,1.581,0.558694
3182,1.582,0.558694
3183,1.583,0.558694
3184,1.584,0.558694
3185,1.585,0.558694
3186,1.586,0.558694
3187,1.587,0.558694
3188,1.588,0.558694
3189,1.589,0.558694
3190,1.59,0.558694
3191,1.591,0.558694
3192,1.592,0.560433
3193,1.593,0.560433
3194,1.594,0.560433
3195,1.595,0.558694
3196,1.596,0.558694
3197,1.597,0.558694
3198,1.598,0.558694
3199,1.599,0.558694
