;Scopy version,f4beeb1
;Exported on,vendredi octobre 04/10/2024
;Device,M2K
;Nr of samples,3200
;Sample rate,1000
;Tool,Oscilloscope
;Additional Information,
Sample,Time(S),M1(V)
0,-1.6,0.22168
1,-1.599,0.22168
2,-1.598,0.22168
3,-1.597,0.22168
4,-1.596,0.22168
5,-1.595,0.22168
6,-1.594,0.22168
7,-1.593,0.22168
8,-1.592,0.22168
9,-1.591,0.22168
10,-1.59,0.276367
11,-1.589,0.22168
12,-1.588,0.276367
13,-1.587,0.22168
14,-1.586,0.22168
15,-1.585,0.22168
16,-1.584,0.22168
17,-1.583,0.22168
18,-1.582,0.22168
19,-1.581,0.22168
20,-1.58,0.22168
21,-1.579,0.22168
22,-1.578,0.22168
23,-1.577,0.22168
24,-1.576,0.22168
25,-1.575,0.22168
26,-1.574,0.22168
27,-1.573,0.22168
28,-1.572,0.22168
29,-1.571,0.239258
30,-1.57,0.239258
31,-1.569,0.276367
32,-1.568,0.22168
33,-1.567,0.22168
34,-1.566,0.22168
35,-1.565,0.22168
36,-1.564,0.22168
37,-1.563,0.22168
38,-1.562,0.22168
39,-1.561,0.22168
40,-1.56,0.22168
41,-1.559,0.22168
42,-1.558,0.22168
43,-1.557,0.22168
44,-1.556,0.22168
45,-1.555,0.22168
46,-1.554,0.22168
47,-1.553,0.22168
48,-1.552,0.22168
49,-1.551,0.239258
50,-1.55,0.239258
51,-1.549,0.239258
52,-1.548,0.239258
53,-1.547,0.22168
54,-1.546,0.22168
55,-1.545,0.22168
56,-1.544,0.22168
57,-1.543,0.22168
58,-1.542,0.22168
59,-1.541,0.22168
60,-1.54,0.22168
61,-1.539,0.22168
62,-1.538,0.22168
63,-1.537,0.22168
64,-1.536,0.22168
65,-1.535,0.22168
66,-1.534,0.22168
67,-1.533,0.22168
68,-1.532,0.22168
69,-1.531,0.22168
70,-1.53,0.22168
71,-1.529,0.257813
72,-1.528,0.22168
73,-1.527,0.22168
74,-1.526,0.22168
75,-1.525,0.22168
76,-1.524,0.22168
77,-1.523,0.22168
78,-1.522,0.22168
79,-1.521,0.22168
80,-1.52,0.22168
81,-1.519,0.22168
82,-1.518,0.22168
83,-1.517,0.22168
84,-1.516,0.22168
85,-1.515,0.22168
86,-1.514,0.22168
87,-1.513,0.22168
88,-1.512,0.22168
89,-1.511,0.22168
90,-1.51,0.239258
91,-1.509,0.239258
92,-1.508,0.22168
93,-1.507,0.22168
94,-1.506,0.22168
95,-1.505,0.22168
96,-1.504,0.22168
97,-1.503,0.22168
98,-1.502,0.22168
99,-1.501,0.22168
100,-1.5,0.22168
101,-1.499,0.22168
102,-1.498,0.22168
103,-1.497,0.22168
104,-1.496,0.22168
105,-1.495,0.22168
106,-1.494,0.22168
107,-1.493,0.22168
108,-1.492,0.239258
109,-1.491,0.239258
110,-1.49,0.239258
111,-1.489,0.239258
112,-1.488,0.239258
113,-1.487,0.239258
114,-1.486,0.22168
115,-1.485,0.22168
116,-1.484,0.22168
117,-1.483,0.22168
118,-1.482,0.22168
119,-1.481,0.22168
120,-1.48,0.22168
121,-1.479,0.22168
122,-1.478,0.22168
123,-1.477,0.22168
124,-1.476,0.22168
125,-1.475,0.22168
126,-1.474,0.22168
127,-1.473,0.22168
128,-1.472,0.239258
129,-1.471,0.239258
130,-1.47,0.293945
131,-1.469,0.276367
132,-1.468,0.239258
133,-1.467,0.239258
134,-1.466,0.22168
135,-1.465,0.22168
136,-1.464,0.22168
137,-1.463,0.22168
138,-1.462,0.22168
139,-1.461,0.22168
140,-1.46,0.22168
141,-1.459,0.22168
142,-1.458,0.22168
143,-1.457,0.22168
144,-1.456,0.22168
145,-1.455,0.22168
146,-1.454,0.22168
147,-1.453,0.22168
148,-1.452,0.239258
149,-1.451,0.239258
150,-1.45,0.276367
151,-1.449,0.239258
152,-1.448,0.239258
153,-1.447,0.239258
154,-1.446,0.22168
155,-1.445,0.22168
156,-1.444,0.22168
157,-1.443,0.22168
158,-1.442,0.22168
159,-1.441,0.22168
160,-1.44,0.22168
161,-1.439,0.22168
162,-1.438,0.22168
163,-1.437,0.22168
164,-1.436,0.22168
165,-1.435,0.22168
166,-1.434,0.22168
167,-1.433,0.22168
168,-1.432,0.22168
169,-1.431,0.257813
170,-1.43,0.3125
171,-1.429,0.293945
172,-1.428,0.239258
173,-1.427,0.22168
174,-1.426,0.22168
175,-1.425,0.22168
176,-1.424,0.22168
177,-1.423,0.22168
178,-1.422,0.22168
179,-1.421,0.22168
180,-1.42,0.22168
181,-1.419,0.22168
182,-1.418,0.22168
183,-1.417,0.22168
184,-1.416,0.22168
185,-1.415,0.22168
186,-1.414,0.22168
187,-1.413,0.22168
188,-1.412,0.22168
189,-1.411,0.22168
190,-1.41,0.3125
191,-1.409,0.276367
192,-1.408,0.22168
193,-1.407,0.22168
194,-1.406,0.22168
195,-1.405,0.22168
196,-1.404,0.22168
197,-1.403,0.22168
198,-1.402,0.22168
199,-1.401,0.22168
200,-1.4,0.22168
201,-1.399,0.22168
202,-1.398,0.22168
203,-1.397,0.22168
204,-1.396,0.22168
205,-1.395,0.22168
206,-1.394,0.22168
207,-1.393,0.22168
208,-1.392,0.22168
209,-1.391,0.22168
210,-1.39,0.276367
211,-1.389,0.239258
212,-1.388,0.239258
213,-1.387,0.239258
214,-1.386,0.22168
215,-1.385,0.22168
216,-1.384,0.22168
217,-1.383,0.22168
218,-1.382,0.22168
219,-1.381,0.22168
220,-1.38,0.22168
221,-1.379,0.22168
222,-1.378,0.22168
223,-1.377,0.22168
224,-1.376,0.22168
225,-1.375,0.22168
226,-1.374,0.22168
227,-1.373,0.22168
228,-1.372,0.22168
229,-1.371,0.22168
230,-1.37,0.276367
231,-1.369,0.239258
232,-1.368,0.239258
233,-1.367,0.239258
234,-1.366,0.22168
235,-1.365,0.22168
236,-1.364,0.22168
237,-1.363,0.22168
238,-1.362,0.22168
239,-1.361,0.22168
240,-1.36,0.22168
241,-1.359,0.22168
242,-1.358,0.22168
243,-1.357,0.22168
244,-1.356,0.22168
245,-1.355,0.22168
246,-1.354,0.22168
247,-1.353,0.22168
248,-1.352,0.22168
249,-1.351,0.22168
250,-1.35,0.257813
251,-1.349,0.22168
252,-1.348,0.22168
253,-1.347,0.22168
254,-1.346,0.22168
255,-1.345,0.22168
256,-1.344,0.22168
257,-1.343,0.22168
258,-1.342,0.22168
259,-1.341,0.22168
260,-1.34,0.22168
261,-1.339,0.22168
262,-1.338,0.22168
263,-1.337,0.22168
264,-1.336,0.22168
265,-1.335,0.22168
266,-1.334,0.22168
267,-1.333,0.22168
268,-1.332,0.22168
269,-1.331,0.22168
270,-1.33,0.331055
271,-1.329,0.276367
272,-1.328,0.22168
273,-1.327,0.22168
274,-1.326,0.22168
275,-1.325,0.22168
276,-1.324,0.22168
277,-1.323,0.22168
278,-1.322,0.22168
279,-1.321,0.22168
280,-1.32,0.22168
281,-1.319,0.22168
282,-1.318,0.22168
283,-1.317,0.22168
284,-1.316,0.22168
285,-1.315,0.22168
286,-1.314,0.22168
287,-1.313,0.22168
288,-1.312,0.22168
289,-1.311,0.22168
290,-1.31,0.276367
291,-1.309,0.257813
292,-1.308,0.22168
293,-1.307,0.22168
294,-1.306,0.22168
295,-1.305,0.22168
296,-1.304,0.22168
297,-1.303,0.22168
298,-1.302,0.22168
299,-1.301,0.22168
300,-1.3,0.22168
301,-1.299,0.22168
302,-1.298,0.22168
303,-1.297,0.22168
304,-1.296,0.22168
305,-1.295,0.22168
306,-1.294,0.22168
307,-1.293,0.22168
308,-1.292,0.22168
309,-1.291,0.22168
310,-1.29,0.22168
311,-1.289,0.22168
312,-1.288,0.22168
313,-1.287,0.22168
314,-1.286,0.22168
315,-1.285,0.22168
316,-1.284,0.22168
317,-1.283,0.22168
318,-1.282,0.22168
319,-1.281,0.22168
320,-1.28,0.22168
321,-1.279,0.22168
322,-1.278,0.22168
323,-1.277,0.22168
324,-1.276,0.22168
325,-1.275,0.22168
326,-1.274,0.22168
327,-1.273,0.22168
328,-1.272,0.22168
329,-1.271,0.22168
330,-1.27,0.239258
331,-1.269,0.239258
332,-1.268,0.239258
333,-1.267,0.239258
334,-1.266,0.239258
335,-1.265,0.239258
336,-1.264,0.239258
337,-1.263,0.239258
338,-1.262,0.239258
339,-1.261,0.239258
340,-1.26,0.239258
341,-1.259,0.239258
342,-1.258,0.239258
343,-1.257,0.239258
344,-1.256,0.239258
345,-1.255,0.239258
346,-1.254,0.239258
347,-1.253,0.239258
348,-1.252,0.276367
349,-1.251,0.276367
350,-1.25,0.331055
351,-1.249,0.331055
352,-1.248,0.3125
353,-1.247,0.276367
354,-1.246,0.276367
355,-1.245,0.239258
356,-1.244,0.239258
357,-1.243,0.239258
358,-1.242,0.239258
359,-1.241,0.239258
360,-1.24,0.239258
361,-1.239,0.239258
362,-1.238,0.239258
363,-1.237,0.239258
364,-1.236,0.239258
365,-1.235,0.239258
366,-1.234,0.239258
367,-1.233,0.239258
368,-1.232,0.239258
369,-1.231,0.239258
370,-1.23,0.348633
371,-1.229,0.276367
372,-1.228,0.276367
373,-1.227,0.276367
374,-1.226,0.239258
375,-1.225,0.239258
376,-1.224,0.239258
377,-1.223,0.239258
378,-1.222,0.239258
379,-1.221,0.239258
380,-1.22,0.239258
381,-1.219,0.239258
382,-1.218,0.239258
383,-1.217,0.239258
384,-1.216,0.239258
385,-1.215,0.239258
386,-1.214,0.239258
387,-1.213,0.239258
388,-1.212,0.276367
389,-1.211,0.276367
390,-1.21,0.3125
391,-1.209,0.331055
392,-1.208,0.331055
393,-1.207,0.239258
394,-1.206,0.239258
395,-1.205,0.239258
396,-1.204,0.239258
397,-1.203,0.239258
398,-1.202,0.239258
399,-1.201,0.239258
400,-1.2,0.239258
401,-1.199,0.239258
402,-1.198,0.239258
403,-1.197,0.239258
404,-1.196,0.239258
405,-1.195,0.239258
406,-1.194,0.239258
407,-1.193,0.239258
408,-1.192,0.276367
409,-1.191,0.276367
410,-1.19,0.331055
411,-1.189,0.331055
412,-1.188,0.3125
413,-1.187,0.276367
414,-1.186,0.276367
415,-1.185,0.239258
416,-1.184,0.239258
417,-1.183,0.239258
418,-1.182,0.239258
419,-1.181,0.239258
420,-1.18,0.239258
421,-1.179,0.239258
422,-1.178,0.239258
423,-1.177,0.239258
424,-1.176,0.239258
425,-1.175,0.239258
426,-1.174,0.239258
427,-1.173,0.239258
428,-1.172,0.276367
429,-1.171,0.276367
430,-1.17,0.331055
431,-1.169,0.331055
432,-1.168,0.293945
433,-1.167,0.239258
434,-1.166,0.239258
435,-1.165,0.239258
436,-1.164,0.239258
437,-1.163,0.239258
438,-1.162,0.239258
439,-1.161,0.239258
440,-1.16,0.239258
441,-1.159,0.239258
442,-1.158,0.239258
443,-1.157,0.239258
444,-1.156,0.239258
445,-1.155,0.239258
446,-1.154,0.239258
447,-1.153,0.239258
448,-1.152,0.276367
449,-1.151,0.276367
450,-1.15,0.331055
451,-1.149,0.276367
452,-1.148,0.3125
453,-1.147,0.276367
454,-1.146,0.276367
455,-1.145,0.239258
456,-1.144,0.239258
457,-1.143,0.239258
458,-1.142,0.239258
459,-1.141,0.239258
460,-1.14,0.239258
461,-1.139,0.239258
462,-1.138,0.239258
463,-1.137,0.239258
464,-1.136,0.239258
465,-1.135,0.239258
466,-1.134,0.239258
467,-1.133,0.239258
468,-1.132,0.239258
469,-1.131,0.276367
470,-1.13,0.331055
471,-1.129,0.3125
472,-1.128,0.3125
473,-1.127,0.276367
474,-1.126,0.239258
475,-1.125,0.239258
476,-1.124,0.239258
477,-1.123,0.239258
478,-1.122,0.239258
479,-1.121,0.239258
480,-1.12,0.239258
481,-1.119,0.239258
482,-1.118,0.239258
483,-1.117,0.239258
484,-1.116,0.239258
485,-1.115,0.239258
486,-1.114,0.239258
487,-1.113,0.239258
488,-1.112,0.276367
489,-1.111,0.276367
490,-1.11,0.331055
491,-1.109,0.331055
492,-1.108,0.331055
493,-1.107,0.276367
494,-1.106,0.276367
495,-1.105,0.239258
496,-1.104,0.239258
497,-1.103,0.239258
498,-1.102,0.239258
499,-1.101,0.239258
500,-1.1,0.239258
501,-1.099,0.239258
502,-1.098,0.239258
503,-1.097,0.239258
504,-1.096,0.239258
505,-1.095,0.239258
506,-1.094,0.239258
507,-1.093,0.239258
508,-1.092,0.239258
509,-1.091,0.276367
510,-1.09,0.331055
511,-1.089,0.331055
512,-1.088,0.331055
513,-1.087,0.276367
514,-1.086,0.276367
515,-1.085,0.239258
516,-1.084,0.239258
517,-1.083,0.239258
518,-1.082,0.239258
519,-1.081,0.239258
520,-1.08,0.239258
521,-1.079,0.239258
522,-1.078,0.239258
523,-1.077,0.239258
524,-1.076,0.239258
525,-1.075,0.239258
526,-1.074,0.239258
527,-1.073,0.239258
528,-1.072,0.239258
529,-1.071,0.293945
530,-1.07,0.331055
531,-1.069,0.331055
532,-1.068,0.3125
533,-1.067,0.3125
534,-1.066,0.331055
535,-1.065,0.276367
536,-1.064,0.239258
537,-1.063,0.239258
538,-1.062,0.239258
539,-1.061,0.239258
540,-1.06,0.239258
541,-1.059,0.239258
542,-1.058,0.239258
543,-1.057,0.239258
544,-1.056,0.239258
545,-1.055,0.239258
546,-1.054,0.239258
547,-1.053,0.239258
548,-1.052,0.239258
549,-1.051,0.239258
550,-1.05,0.348633
551,-1.049,0.331055
552,-1.048,0.331055
553,-1.047,0.276367
554,-1.046,0.276367
555,-1.045,0.239258
556,-1.044,0.239258
557,-1.043,0.239258
558,-1.042,0.239258
559,-1.041,0.239258
560,-1.04,0.239258
561,-1.039,0.239258
562,-1.038,0.239258
563,-1.037,0.239258
564,-1.036,0.239258
565,-1.035,0.239258
566,-1.034,0.239258
567,-1.033,0.239258
568,-1.032,0.239258
569,-1.031,0.239258
570,-1.03,0.348633
571,-1.029,0.3125
572,-1.028,0.331055
573,-1.027,0.276367
574,-1.026,0.239258
575,-1.025,0.239258
576,-1.024,0.239258
577,-1.023,0.239258
578,-1.022,0.239258
579,-1.021,0.239258
580,-1.02,0.239258
581,-1.019,0.239258
582,-1.018,0.239258
583,-1.017,0.239258
584,-1.016,0.239258
585,-1.015,0.239258
586,-1.014,0.239258
587,-1.013,0.239258
588,-1.012,0.239258
589,-1.011,0.239258
590,-1.01,0.348633
591,-1.009,0.331055
592,-1.008,0.331055
593,-1.007,0.276367
594,-1.006,0.239258
595,-1.005,0.239258
596,-1.004,0.239258
597,-1.003,0.239258
598,-1.002,0.239258
599,-1.001,0.239258
600,-1,0.239258
601,-0.999,0.239258
602,-0.998,0.239258
603,-0.997,0.239258
604,-0.996,0.239258
605,-0.995,0.239258
606,-0.994,0.239258
607,-0.993,0.239258
608,-0.992,0.239258
609,-0.991,0.239258
610,-0.99,0.348633
611,-0.989,0.331055
612,-0.988,0.331055
613,-0.987,0.293945
614,-0.986,0.239258
615,-0.985,0.239258
616,-0.984,0.239258
617,-0.983,0.239258
618,-0.982,0.239258
619,-0.981,0.239258
620,-0.98,0.239258
621,-0.979,0.239258
622,-0.978,0.239258
623,-0.977,0.239258
624,-0.976,0.239258
625,-0.975,0.239258
626,-0.974,0.239258
627,-0.973,0.239258
628,-0.972,0.239258
629,-0.971,0.239258
630,-0.97,0.348633
631,-0.969,0.331055
632,-0.968,0.331055
633,-0.967,0.239258
634,-0.966,0.239258
635,-0.965,0.239258
636,-0.964,0.239258
637,-0.963,0.239258
638,-0.962,0.239258
639,-0.961,0.239258
640,-0.96,0.239258
641,-0.959,0.239258
642,-0.958,0.239258
643,-0.957,0.239258
644,-0.956,0.239258
645,-0.955,0.239258
646,-0.954,0.239258
647,-0.953,0.239258
648,-0.952,0.239258
649,-0.951,0.239258
650,-0.95,0.348633
651,-0.949,0.3125
652,-0.948,0.3125
653,-0.947,0.276367
654,-0.946,0.239258
655,-0.945,0.239258
656,-0.944,0.239258
657,-0.943,0.239258
658,-0.942,0.239258
659,-0.941,0.239258
660,-0.94,0.239258
661,-0.939,0.239258
662,-0.938,0.239258
663,-0.937,0.239258
664,-0.936,0.239258
665,-0.935,0.239258
666,-0.934,0.239258
667,-0.933,0.239258
668,-0.932,0.239258
669,-0.931,0.239258
670,-0.93,0.293945
671,-0.929,0.276367
672,-0.928,0.331055
673,-0.927,0.276367
674,-0.926,0.239258
675,-0.925,0.239258
676,-0.924,0.239258
677,-0.923,0.239258
678,-0.922,0.239258
679,-0.921,0.239258
680,-0.92,0.239258
681,-0.919,0.239258
682,-0.918,0.239258
683,-0.917,0.239258
684,-0.916,0.239258
685,-0.915,0.239258
686,-0.914,0.239258
687,-0.913,0.239258
688,-0.912,0.239258
689,-0.911,0.276367
690,-0.91,0.331055
691,-0.909,0.331055
692,-0.908,0.331055
693,-0.907,0.276367
694,-0.906,0.276367
695,-0.905,0.293945
696,-0.904,0.239258
697,-0.903,0.276367
698,-0.902,0.239258
699,-0.901,0.239258
700,-0.9,0.239258
701,-0.899,0.239258
702,-0.898,0.239258
703,-0.897,0.239258
704,-0.896,0.239258
705,-0.895,0.276367
706,-0.894,0.239258
707,-0.893,0.276367
708,-0.892,0.276367
709,-0.891,0.276367
710,-0.89,0.331055
711,-0.889,0.331055
712,-0.888,0.331055
713,-0.887,0.276367
714,-0.886,0.276367
715,-0.885,0.276367
716,-0.884,0.239258
717,-0.883,0.239258
718,-0.882,0.239258
719,-0.881,0.239258
720,-0.88,0.239258
721,-0.879,0.239258
722,-0.878,0.239258
723,-0.877,0.239258
724,-0.876,0.239258
725,-0.875,0.276367
726,-0.874,0.293945
727,-0.873,0.239258
728,-0.872,0.276367
729,-0.871,0.276367
730,-0.87,0.331055
731,-0.869,0.331055
732,-0.868,0.3125
733,-0.867,0.3125
734,-0.866,0.276367
735,-0.865,0.239258
736,-0.864,0.239258
737,-0.863,0.239258
738,-0.862,0.239258
739,-0.861,0.239258
740,-0.86,0.239258
741,-0.859,0.239258
742,-0.858,0.239258
743,-0.857,0.239258
744,-0.856,0.239258
745,-0.855,0.239258
746,-0.854,0.239258
747,-0.853,0.239258
748,-0.852,0.239258
749,-0.851,0.239258
750,-0.85,0.348633
751,-0.849,0.331055
752,-0.848,0.3125
753,-0.847,0.331055
754,-0.846,0.276367
755,-0.845,0.239258
756,-0.844,0.239258
757,-0.843,0.239258
758,-0.842,0.239258
759,-0.841,0.239258
760,-0.84,0.239258
761,-0.839,0.239258
762,-0.838,0.239258
763,-0.837,0.239258
764,-0.836,0.239258
765,-0.835,0.239258
766,-0.834,0.239258
767,-0.833,0.239258
768,-0.832,0.239258
769,-0.831,0.239258
770,-0.83,0.348633
771,-0.829,0.331055
772,-0.828,0.348633
773,-0.827,0.293945
774,-0.826,0.239258
775,-0.825,0.239258
776,-0.824,0.239258
777,-0.823,0.239258
778,-0.822,0.239258
779,-0.821,0.239258
780,-0.82,0.239258
781,-0.819,0.239258
782,-0.818,0.239258
783,-0.817,0.239258
784,-0.816,0.239258
785,-0.815,0.239258
786,-0.814,0.239258
787,-0.813,0.239258
788,-0.812,0.239258
789,-0.811,0.239258
790,-0.81,0.348633
791,-0.809,0.331055
792,-0.808,0.331055
793,-0.807,0.331055
794,-0.806,0.239258
795,-0.805,0.239258
796,-0.804,0.239258
797,-0.803,0.239258
798,-0.802,0.239258
799,-0.801,0.239258
800,-0.8,0.239258
801,-0.799,0.239258
802,-0.798,0.239258
803,-0.797,0.239258
804,-0.796,0.239258
805,-0.795,0.239258
806,-0.794,0.239258
807,-0.793,0.239258
808,-0.792,0.239258
809,-0.791,0.239258
810,-0.79,0.348633
811,-0.789,0.331055
812,-0.788,0.331055
813,-0.787,0.276367
814,-0.786,0.239258
815,-0.785,0.239258
816,-0.784,0.239258
817,-0.783,0.239258
818,-0.782,0.239258
819,-0.781,0.276367
820,-0.78,0.22168
821,-0.779,0.22168
822,-0.778,0.22168
823,-0.777,0.22168
824,-0.776,0.22168
825,-0.775,0.22168
826,-0.774,0.22168
827,-0.773,0.22168
828,-0.772,0.22168
829,-0.771,0.22168
830,-0.77,0.257813
831,-0.769,0.257813
832,-0.768,0.257813
833,-0.767,0.22168
834,-0.766,0.22168
835,-0.765,0.22168
836,-0.764,0.22168
837,-0.763,0.22168
838,-0.762,0.22168
839,-0.761,0.22168
840,-0.76,0.22168
841,-0.759,0.22168
842,-0.758,0.22168
843,-0.757,0.22168
844,-0.756,0.22168
845,-0.755,0.22168
846,-0.754,0.22168
847,-0.753,0.22168
848,-0.752,0.22168
849,-0.751,0.22168
850,-0.75,0.276367
851,-0.749,0.22168
852,-0.748,0.276367
853,-0.747,0.257813
854,-0.746,0.22168
855,-0.745,0.22168
856,-0.744,0.22168
857,-0.743,0.22168
858,-0.742,0.22168
859,-0.741,0.22168
860,-0.74,0.22168
861,-0.739,0.22168
862,-0.738,0.22168
863,-0.737,0.22168
864,-0.736,0.22168
865,-0.735,0.22168
866,-0.734,0.22168
867,-0.733,0.22168
868,-0.732,0.22168
869,-0.731,0.22168
870,-0.73,0.276367
871,-0.729,0.257813
872,-0.728,0.257813
873,-0.727,0.257813
874,-0.726,0.22168
875,-0.725,0.22168
876,-0.724,0.22168
877,-0.723,0.22168
878,-0.722,0.22168
879,-0.721,0.22168
880,-0.72,0.22168
881,-0.719,0.22168
882,-0.718,0.22168
883,-0.717,0.22168
884,-0.716,0.22168
885,-0.715,0.22168
886,-0.714,0.22168
887,-0.713,0.22168
888,-0.712,0.22168
889,-0.711,0.22168
890,-0.71,0.22168
891,-0.709,0.22168
892,-0.708,0.276367
893,-0.707,0.276367
894,-0.706,0.22168
895,-0.705,0.22168
896,-0.704,0.22168
897,-0.703,0.22168
898,-0.702,0.22168
899,-0.701,0.22168
900,-0.7,0.22168
901,-0.699,0.22168
902,-0.698,0.22168
903,-0.697,0.22168
904,-0.696,0.22168
905,-0.695,0.22168
906,-0.694,0.22168
907,-0.693,0.22168
908,-0.692,0.22168
909,-0.691,0.22168
910,-0.69,0.22168
911,-0.689,0.22168
912,-0.688,0.22168
913,-0.687,0.22168
914,-0.686,0.22168
915,-0.685,0.22168
916,-0.684,0.22168
917,-0.683,0.22168
918,-0.682,0.22168
919,-0.681,0.22168
920,-0.68,0.22168
921,-0.679,0.22168
922,-0.678,0.22168
923,-0.677,0.22168
924,-0.676,0.22168
925,-0.675,0.22168
926,-0.674,0.22168
927,-0.673,0.22168
928,-0.672,0.22168
929,-0.671,0.22168
930,-0.67,0.276367
931,-0.669,0.257813
932,-0.668,0.257813
933,-0.667,0.276367
934,-0.666,0.22168
935,-0.665,0.22168
936,-0.664,0.22168
937,-0.663,0.22168
938,-0.662,0.22168
939,-0.661,0.22168
940,-0.66,0.22168
941,-0.659,0.22168
942,-0.658,0.22168
943,-0.657,0.22168
944,-0.656,0.22168
945,-0.655,0.22168
946,-0.654,0.22168
947,-0.653,0.22168
948,-0.652,0.22168
949,-0.651,0.22168
950,-0.65,0.257813
951,-0.649,0.257813
952,-0.648,0.276367
953,-0.647,0.22168
954,-0.646,0.22168
955,-0.645,0.22168
956,-0.644,0.22168
957,-0.643,0.22168
958,-0.642,0.22168
959,-0.641,0.22168
960,-0.64,0.22168
961,-0.639,0.22168
962,-0.638,0.22168
963,-0.637,0.22168
964,-0.636,0.22168
965,-0.635,0.22168
966,-0.634,0.22168
967,-0.633,0.22168
968,-0.632,0.22168
969,-0.631,0.22168
970,-0.63,0.22168
971,-0.629,0.276367
972,-0.628,0.257813
973,-0.627,0.22168
974,-0.626,0.22168
975,-0.625,0.22168
976,-0.624,0.22168
977,-0.623,0.22168
978,-0.622,0.22168
979,-0.621,0.22168
980,-0.62,0.22168
981,-0.619,0.22168
982,-0.618,0.22168
983,-0.617,0.22168
984,-0.616,0.22168
985,-0.615,0.22168
986,-0.614,0.22168
987,-0.613,0.22168
988,-0.612,0.22168
989,-0.611,0.22168
990,-0.61,0.276367
991,-0.609,0.257813
992,-0.608,0.257813
993,-0.607,0.257813
994,-0.606,0.257813
995,-0.605,0.22168
996,-0.604,0.22168
997,-0.603,0.22168
998,-0.602,0.22168
999,-0.601,0.22168
1000,-0.6,0.22168
1001,-0.599,0.22168
1002,-0.598,0.22168
1003,-0.597,0.22168
1004,-0.596,0.22168
1005,-0.595,0.22168
1006,-0.594,0.22168
1007,-0.593,0.22168
1008,-0.592,0.22168
1009,-0.591,0.239258
1010,-0.59,0.293945
1011,-0.589,0.257813
1012,-0.588,0.257813
1013,-0.587,0.276367
1014,-0.586,0.22168
1015,-0.585,0.22168
1016,-0.584,0.22168
1017,-0.583,0.22168
1018,-0.582,0.22168
1019,-0.581,0.22168
1020,-0.58,0.22168
1021,-0.579,0.22168
1022,-0.578,0.22168
1023,-0.577,0.22168
1024,-0.576,0.22168
1025,-0.575,0.22168
1026,-0.574,0.22168
1027,-0.573,0.22168
1028,-0.572,0.22168
1029,-0.571,0.22168
1030,-0.57,0.276367
1031,-0.569,0.257813
1032,-0.568,0.276367
1033,-0.567,0.22168
1034,-0.566,0.22168
1035,-0.565,0.22168
1036,-0.564,0.22168
1037,-0.563,0.22168
1038,-0.562,0.22168
1039,-0.561,0.22168
1040,-0.56,0.22168
1041,-0.559,0.22168
1042,-0.558,0.22168
1043,-0.557,0.22168
1044,-0.556,0.22168
1045,-0.555,0.22168
1046,-0.554,0.22168
1047,-0.553,0.22168
1048,-0.552,0.22168
1049,-0.551,0.22168
1050,-0.55,0.257813
1051,-0.549,0.203125
1052,-0.548,0.276367
1053,-0.547,0.257813
1054,-0.546,0.22168
1055,-0.545,0.22168
1056,-0.544,0.22168
1057,-0.543,0.22168
1058,-0.542,0.22168
1059,-0.541,0.22168
1060,-0.54,0.22168
1061,-0.539,0.22168
1062,-0.538,0.22168
1063,-0.537,0.22168
1064,-0.536,0.22168
1065,-0.535,0.22168
1066,-0.534,0.22168
1067,-0.533,0.22168
1068,-0.532,0.22168
1069,-0.531,0.22168
1070,-0.53,0.257813
1071,-0.529,0.203125
1072,-0.528,0.257813
1073,-0.527,0.22168
1074,-0.526,0.22168
1075,-0.525,0.22168
1076,-0.524,0.22168
1077,-0.523,0.22168
1078,-0.522,0.22168
1079,-0.521,0.22168
1080,-0.52,0.22168
1081,-0.519,0.22168
1082,-0.518,0.22168
1083,-0.517,0.22168
1084,-0.516,0.22168
1085,-0.515,0.22168
1086,-0.514,0.22168
1087,-0.513,0.22168
1088,-0.512,0.22168
1089,-0.511,0.22168
1090,-0.51,0.257813
1091,-0.509,0.22168
1092,-0.508,0.276367
1093,-0.507,0.276367
1094,-0.506,0.22168
1095,-0.505,0.22168
1096,-0.504,0.22168
1097,-0.503,0.22168
1098,-0.502,0.22168
1099,-0.501,0.22168
1100,-0.5,0.22168
1101,-0.499,0.22168
1102,-0.498,0.22168
1103,-0.497,0.22168
1104,-0.496,0.22168
1105,-0.495,0.22168
1106,-0.494,0.22168
1107,-0.493,0.22168
1108,-0.492,0.22168
1109,-0.491,0.22168
1110,-0.49,0.276367
1111,-0.489,0.257813
1112,-0.488,0.22168
1113,-0.487,0.22168
1114,-0.486,0.22168
1115,-0.485,0.22168
1116,-0.484,0.22168
1117,-0.483,0.22168
1118,-0.482,0.22168
1119,-0.481,0.22168
1120,-0.48,0.22168
1121,-0.479,0.22168
1122,-0.478,0.22168
1123,-0.477,0.22168
1124,-0.476,0.22168
1125,-0.475,0.22168
1126,-0.474,0.22168
1127,-0.473,0.22168
1128,-0.472,0.22168
1129,-0.471,0.22168
1130,-0.47,0.22168
1131,-0.469,0.276367
1132,-0.468,0.22168
1133,-0.467,0.22168
1134,-0.466,0.22168
1135,-0.465,0.22168
1136,-0.464,0.22168
1137,-0.463,0.22168
1138,-0.462,0.22168
1139,-0.461,0.22168
1140,-0.46,0.22168
1141,-0.459,0.22168
1142,-0.458,0.22168
1143,-0.457,0.22168
1144,-0.456,0.22168
1145,-0.455,0.22168
1146,-0.454,0.22168
1147,-0.453,0.22168
1148,-0.452,0.22168
1149,-0.451,0.22168
1150,-0.45,0.22168
1151,-0.449,0.257813
1152,-0.448,0.22168
1153,-0.447,0.22168
1154,-0.446,0.22168
1155,-0.445,0.22168
1156,-0.444,0.22168
1157,-0.443,0.22168
1158,-0.442,0.22168
1159,-0.441,0.22168
1160,-0.44,0.22168
1161,-0.439,0.22168
1162,-0.438,0.22168
1163,-0.437,0.22168
1164,-0.436,0.22168
1165,-0.435,0.22168
1166,-0.434,0.22168
1167,-0.433,0.22168
1168,-0.432,0.22168
1169,-0.431,0.22168
1170,-0.43,0.22168
1171,-0.429,0.22168
1172,-0.428,0.22168
1173,-0.427,0.22168
1174,-0.426,0.22168
1175,-0.425,0.22168
1176,-0.424,0.22168
1177,-0.423,0.22168
1178,-0.422,0.22168
1179,-0.421,0.22168
1180,-0.42,0.22168
1181,-0.419,0.22168
1182,-0.418,0.22168
1183,-0.417,0.22168
1184,-0.416,0.22168
1185,-0.415,0.22168
1186,-0.414,0.22168
1187,-0.413,0.22168
1188,-0.412,0.22168
1189,-0.411,0.22168
1190,-0.41,0.257813
1191,-0.409,0.257813
1192,-0.408,0.257813
1193,-0.407,0.276367
1194,-0.406,0.22168
1195,-0.405,0.22168
1196,-0.404,0.22168
1197,-0.403,0.22168
1198,-0.402,0.22168
1199,-0.401,0.22168
1200,-0.4,0.22168
1201,-0.399,0.22168
1202,-0.398,0.22168
1203,-0.397,0.22168
1204,-0.396,0.22168
1205,-0.395,0.22168
1206,-0.394,0.22168
1207,-0.393,0.22168
1208,-0.392,0.22168
1209,-0.391,0.22168
1210,-0.39,0.276367
1211,-0.389,0.257813
1212,-0.388,0.257813
1213,-0.387,0.276367
1214,-0.386,0.22168
1215,-0.385,0.22168
1216,-0.384,0.22168
1217,-0.383,0.22168
1218,-0.382,0.22168
1219,-0.381,0.22168
1220,-0.38,0.22168
1221,-0.379,0.22168
1222,-0.378,0.22168
1223,-0.377,0.22168
1224,-0.376,0.22168
1225,-0.375,0.22168
1226,-0.374,0.22168
1227,-0.373,0.22168
1228,-0.372,0.22168
1229,-0.371,0.22168
1230,-0.37,0.257813
1231,-0.369,0.257813
1232,-0.368,0.276367
1233,-0.367,0.22168
1234,-0.366,0.22168
1235,-0.365,0.22168
1236,-0.364,0.22168
1237,-0.363,0.22168
1238,-0.362,0.22168
1239,-0.361,0.22168
1240,-0.36,0.22168
1241,-0.359,0.22168
1242,-0.358,0.22168
1243,-0.357,0.22168
1244,-0.356,0.22168
1245,-0.355,0.22168
1246,-0.354,0.22168
1247,-0.353,0.22168
1248,-0.352,0.22168
1249,-0.351,0.22168
1250,-0.35,0.257813
1251,-0.349,0.257813
1252,-0.348,0.257813
1253,-0.347,0.276367
1254,-0.346,0.22168
1255,-0.345,0.22168
1256,-0.344,0.22168
1257,-0.343,0.22168
1258,-0.342,0.22168
1259,-0.341,0.22168
1260,-0.34,0.22168
1261,-0.339,0.22168
1262,-0.338,0.22168
1263,-0.337,0.22168
1264,-0.336,0.22168
1265,-0.335,0.22168
1266,-0.334,0.22168
1267,-0.333,0.22168
1268,-0.332,0.22168
1269,-0.331,0.22168
1270,-0.33,0.257813
1271,-0.329,0.257813
1272,-0.328,0.257813
1273,-0.327,0.257813
1274,-0.326,0.276367
1275,-0.325,0.22168
1276,-0.324,0.22168
1277,-0.323,0.22168
1278,-0.322,0.22168
1279,-0.321,0.22168
1280,-0.32,0.22168
1281,-0.319,0.22168
1282,-0.318,0.22168
1283,-0.317,0.22168
1284,-0.316,0.22168
1285,-0.315,0.22168
1286,-0.314,0.22168
1287,-0.313,0.22168
1288,-0.312,0.22168
1289,-0.311,0.22168
1290,-0.31,0.257813
1291,-0.309,0.257813
1292,-0.308,0.257813
1293,-0.307,0.276367
1294,-0.306,0.22168
1295,-0.305,0.22168
1296,-0.304,0.22168
1297,-0.303,0.22168
1298,-0.302,0.22168
1299,-0.301,0.22168
1300,-0.3,0.22168
1301,-0.299,0.22168
1302,-0.298,0.22168
1303,-0.297,0.22168
1304,-0.296,0.22168
1305,-0.295,0.22168
1306,-0.294,0.276367
1307,-0.293,0.239258
1308,-0.292,0.239258
1309,-0.291,0.239258
1310,-0.29,0.331055
1311,-0.289,0.331055
1312,-0.288,0.3125
1313,-0.287,0.331055
1314,-0.286,0.276367
1315,-0.285,0.239258
1316,-0.284,0.239258
1317,-0.283,0.239258
1318,-0.282,0.239258
1319,-0.281,0.239258
1320,-0.28,0.239258
1321,-0.279,0.239258
1322,-0.278,0.239258
1323,-0.277,0.239258
1324,-0.276,0.239258
1325,-0.275,0.239258
1326,-0.274,0.239258
1327,-0.273,0.239258
1328,-0.272,0.239258
1329,-0.271,0.276367
1330,-0.27,0.3125
1331,-0.269,0.3125
1332,-0.268,0.331055
1333,-0.267,0.276367
1334,-0.266,0.239258
1335,-0.265,0.239258
1336,-0.264,0.239258
1337,-0.263,0.239258
1338,-0.262,0.239258
1339,-0.261,0.239258
1340,-0.26,0.239258
1341,-0.259,0.239258
1342,-0.258,0.239258
1343,-0.257,0.239258
1344,-0.256,0.239258
1345,-0.255,0.239258
1346,-0.254,0.239258
1347,-0.253,0.239258
1348,-0.252,0.239258
1349,-0.251,0.276367
1350,-0.25,0.3125
1351,-0.249,0.276367
1352,-0.248,0.331055
1353,-0.247,0.276367
1354,-0.246,0.276367
1355,-0.245,0.239258
1356,-0.244,0.239258
1357,-0.243,0.239258
1358,-0.242,0.239258
1359,-0.241,0.239258
1360,-0.24,0.239258
1361,-0.239,0.239258
1362,-0.238,0.239258
1363,-0.237,0.239258
1364,-0.236,0.239258
1365,-0.235,0.239258
1366,-0.234,0.239258
1367,-0.233,0.239258
1368,-0.232,0.239258
1369,-0.231,0.276367
1370,-0.23,0.3125
1371,-0.229,0.331055
1372,-0.228,0.3125
1373,-0.227,0.276367
1374,-0.226,0.239258
1375,-0.225,0.239258
1376,-0.224,0.239258
1377,-0.223,0.239258
1378,-0.222,0.239258
1379,-0.221,0.239258
1380,-0.22,0.239258
1381,-0.219,0.239258
1382,-0.218,0.239258
1383,-0.217,0.239258
1384,-0.216,0.239258
1385,-0.215,0.239258
1386,-0.214,0.239258
1387,-0.213,0.239258
1388,-0.212,0.239258
1389,-0.211,0.276367
1390,-0.21,0.331055
1391,-0.209,0.3125
1392,-0.208,0.3125
1393,-0.207,0.331055
1394,-0.206,0.239258
1395,-0.205,0.239258
1396,-0.204,0.239258
1397,-0.203,0.239258
1398,-0.202,0.239258
1399,-0.201,0.239258
1400,-0.2,0.239258
1401,-0.199,0.239258
1402,-0.198,0.239258
1403,-0.197,0.239258
1404,-0.196,0.239258
1405,-0.195,0.239258
1406,-0.194,0.239258
1407,-0.193,0.239258
1408,-0.192,0.239258
1409,-0.191,0.276367
1410,-0.19,0.3125
1411,-0.189,0.3125
1412,-0.188,0.348633
1413,-0.187,0.239258
1414,-0.186,0.239258
1415,-0.185,0.239258
1416,-0.184,0.239258
1417,-0.183,0.239258
1418,-0.182,0.239258
1419,-0.181,0.239258
1420,-0.18,0.239258
1421,-0.179,0.239258
1422,-0.178,0.239258
1423,-0.177,0.239258
1424,-0.176,0.239258
1425,-0.175,0.239258
1426,-0.174,0.239258
1427,-0.173,0.239258
1428,-0.172,0.239258
1429,-0.171,0.239258
1430,-0.17,0.331055
1431,-0.169,0.331055
1432,-0.168,0.3125
1433,-0.167,0.331055
1434,-0.166,0.276367
1435,-0.165,0.239258
1436,-0.164,0.239258
1437,-0.163,0.239258
1438,-0.162,0.239258
1439,-0.161,0.239258
1440,-0.16,0.239258
1441,-0.159,0.239258
1442,-0.158,0.239258
1443,-0.157,0.239258
1444,-0.156,0.239258
1445,-0.155,0.239258
1446,-0.154,0.239258
1447,-0.153,0.239258
1448,-0.152,0.239258
1449,-0.151,0.276367
1450,-0.15,0.3125
1451,-0.149,0.3125
1452,-0.148,0.3125
1453,-0.147,0.276367
1454,-0.146,0.276367
1455,-0.145,0.239258
1456,-0.144,0.239258
1457,-0.143,0.239258
1458,-0.142,0.239258
1459,-0.141,0.239258
1460,-0.14,0.239258
1461,-0.139,0.239258
1462,-0.138,0.239258
1463,-0.137,0.239258
1464,-0.136,0.239258
1465,-0.135,0.239258
1466,-0.134,0.239258
1467,-0.133,0.239258
1468,-0.132,0.239258
1469,-0.131,0.276367
1470,-0.13,0.276367
1471,-0.129,0.3125
1472,-0.128,0.293945
1473,-0.127,0.293945
1474,-0.126,0.239258
1475,-0.125,0.239258
1476,-0.124,0.239258
1477,-0.123,0.239258
1478,-0.122,0.239258
1479,-0.121,0.239258
1480,-0.12,0.239258
1481,-0.119,0.239258
1482,-0.118,0.239258
1483,-0.117,0.239258
1484,-0.116,0.239258
1485,-0.115,0.239258
1486,-0.114,0.239258
1487,-0.113,0.239258
1488,-0.112,0.239258
1489,-0.111,0.239258
1490,-0.11,0.331055
1491,-0.109,0.331055
1492,-0.108,0.331055
1493,-0.107,0.276367
1494,-0.106,0.276367
1495,-0.105,0.239258
1496,-0.104,0.239258
1497,-0.103,0.239258
1498,-0.102,0.239258
1499,-0.101,0.239258
1500,-0.1,0.239258
1501,-0.099,0.239258
1502,-0.098,0.239258
1503,-0.097,0.239258
1504,-0.096,0.239258
1505,-0.095,0.239258
1506,-0.094,0.239258
1507,-0.093,0.239258
1508,-0.092,0.239258
1509,-0.091,0.239258
1510,-0.09,0.331055
1511,-0.089,0.331055
1512,-0.088,0.331055
1513,-0.087,0.293945
1514,-0.086,0.239258
1515,-0.085,0.239258
1516,-0.084,0.239258
1517,-0.083,0.239258
1518,-0.082,0.239258
1519,-0.081,0.239258
1520,-0.08,0.239258
1521,-0.079,0.239258
1522,-0.078,0.239258
1523,-0.077,0.239258
1524,-0.076,0.239258
1525,-0.075,0.239258
1526,-0.074,0.239258
1527,-0.073,0.239258
1528,-0.072,0.239258
1529,-0.071,0.239258
1530,-0.07,0.331055
1531,-0.069,0.331055
1532,-0.068,0.331055
1533,-0.067,0.276367
1534,-0.066,0.276367
1535,-0.065,0.239258
1536,-0.064,0.239258
1537,-0.063,0.239258
1538,-0.062,0.239258
1539,-0.061,0.239258
1540,-0.06,0.239258
1541,-0.059,0.239258
1542,-0.058,0.239258
1543,-0.057,0.239258
1544,-0.056,0.239258
1545,-0.055,0.239258
1546,-0.054,0.239258
1547,-0.053,0.239258
1548,-0.052,0.239258
1549,-0.051,0.276367
1550,-0.05,0.3125
1551,-0.049,0.276367
1552,-0.048,0.331055
1553,-0.047,0.239258
1554,-0.046,0.239258
1555,-0.045,0.239258
1556,-0.044,0.239258
1557,-0.043,0.239258
1558,-0.042,0.239258
1559,-0.041,0.239258
1560,-0.04,0.239258
1561,-0.039,0.239258
1562,-0.038,0.239258
1563,-0.037,0.239258
1564,-0.036,0.239258
1565,-0.035,0.239258
1566,-0.034,0.239258
1567,-0.033,0.239258
1568,-0.032,0.239258
1569,-0.031,0.276367
1570,-0.03,0.3125
1571,-0.029,0.3125
1572,-0.028,0.348633
1573,-0.027,0.239258
1574,-0.026,0.239258
1575,-0.025,0.239258
1576,-0.024,0.239258
1577,-0.023,0.239258
1578,-0.022,0.239258
1579,-0.021,0.239258
1580,-0.02,0.239258
1581,-0.019,0.239258
1582,-0.018,0.239258
1583,-0.017,0.239258
1584,-0.016,0.239258
1585,-0.015,0.239258
1586,-0.014,0.239258
1587,-0.013,0.239258
1588,-0.012,0.239258
1589,-0.011,0.276367
1590,-0.01,0.3125
1591,-0.009,0.3125
1592,-0.008,0.331055
1593,-0.007,0.276367
1594,-0.006,0.276367
1595,-0.005,0.239258
1596,-0.004,0.239258
1597,-0.003,0.239258
1598,-0.002,0.239258
1599,-0.001,0.239258
1600,0,0.239258
1601,0.001,0.239258
1602,0.002,0.239258
1603,0.003,0.239258
1604,0.004,0.239258
1605,0.005,0.239258
1606,0.006,0.239258
1607,0.007,0.239258
1608,0.008,0.239258
1609,0.009,0.276367
1610,0.01,0.3125
1611,0.011,0.331055
1612,0.012,0.293945
1613,0.013,0.293945
1614,0.014,0.239258
1615,0.015,0.239258
1616,0.016,0.239258
1617,0.017,0.239258
1618,0.018,0.239258
1619,0.019,0.239258
1620,0.02,0.239258
1621,0.021,0.239258
1622,0.022,0.239258
1623,0.023,0.239258
1624,0.024,0.239258
1625,0.025,0.239258
1626,0.026,0.239258
1627,0.027,0.239258
1628,0.028,0.239258
1629,0.029,0.276367
1630,0.03,0.3125
1631,0.031,0.3125
1632,0.032,0.3125
1633,0.033,0.3125
1634,0.034,0.276367
1635,0.035,0.239258
1636,0.036,0.239258
1637,0.037,0.239258
1638,0.038,0.239258
1639,0.039,0.239258
1640,0.04,0.239258
1641,0.041,0.239258
1642,0.042,0.239258
1643,0.043,0.239258
1644,0.044,0.239258
1645,0.045,0.239258
1646,0.046,0.239258
1647,0.047,0.239258
1648,0.048,0.239258
1649,0.049,0.239258
1650,0.05,0.331055
1651,0.051,0.348633
1652,0.052,0.293945
1653,0.053,0.331055
1654,0.054,0.276367
1655,0.055,0.276367
1656,0.056,0.239258
1657,0.057,0.239258
1658,0.058,0.239258
1659,0.059,0.239258
1660,0.06,0.239258
1661,0.061,0.239258
1662,0.062,0.239258
1663,0.063,0.239258
1664,0.064,0.239258
1665,0.065,0.239258
1666,0.066,0.239258
1667,0.067,0.239258
1668,0.068,0.239258
1669,0.069,0.276367
1670,0.07,0.331055
1671,0.071,0.3125
1672,0.072,0.331055
1673,0.073,0.331055
1674,0.074,0.276367
1675,0.075,0.276367
1676,0.076,0.239258
1677,0.077,0.239258
1678,0.078,0.239258
1679,0.079,0.239258
1680,0.08,0.239258
1681,0.081,0.239258
1682,0.082,0.239258
1683,0.083,0.239258
1684,0.084,0.239258
1685,0.085,0.239258
1686,0.086,0.239258
1687,0.087,0.239258
1688,0.088,0.239258
1689,0.089,0.239258
1690,0.09,0.331055
1691,0.091,0.331055
1692,0.092,0.331055
1693,0.093,0.348633
1694,0.094,0.239258
1695,0.095,0.239258
1696,0.096,0.239258
1697,0.097,0.239258
1698,0.098,0.239258
1699,0.099,0.239258
1700,0.1,0.239258
1701,0.101,0.239258
1702,0.102,0.239258
1703,0.103,0.239258
1704,0.104,0.239258
1705,0.105,0.239258
1706,0.106,0.239258
1707,0.107,0.239258
1708,0.108,0.239258
1709,0.109,0.239258
1710,0.11,0.331055
1711,0.111,0.331055
1712,0.112,0.331055
1713,0.113,0.3125
1714,0.114,0.331055
1715,0.115,0.276367
1716,0.116,0.239258
1717,0.117,0.239258
1718,0.118,0.239258
1719,0.119,0.239258
1720,0.12,0.239258
1721,0.121,0.239258
1722,0.122,0.239258
1723,0.123,0.239258
1724,0.124,0.239258
1725,0.125,0.239258
1726,0.126,0.239258
1727,0.127,0.239258
1728,0.128,0.239258
1729,0.129,0.276367
1730,0.13,0.3125
1731,0.131,0.3125
1732,0.132,0.331055
1733,0.133,0.331055
1734,0.134,0.239258
1735,0.135,0.239258
1736,0.136,0.239258
1737,0.137,0.239258
1738,0.138,0.239258
1739,0.139,0.239258
1740,0.14,0.239258
1741,0.141,0.239258
1742,0.142,0.239258
1743,0.143,0.239258
1744,0.144,0.239258
1745,0.145,0.239258
1746,0.146,0.239258
1747,0.147,0.239258
1748,0.148,0.239258
1749,0.149,0.239258
1750,0.15,0.331055
1751,0.151,0.331055
1752,0.152,0.331055
1753,0.153,0.3125
1754,0.154,0.276367
1755,0.155,0.276367
1756,0.156,0.276367
1757,0.157,0.239258
1758,0.158,0.239258
1759,0.159,0.239258
1760,0.16,0.239258
1761,0.161,0.239258
1762,0.162,0.239258
1763,0.163,0.239258
1764,0.164,0.239258
1765,0.165,0.239258
1766,0.166,0.239258
1767,0.167,0.239258
1768,0.168,0.239258
1769,0.169,0.276367
1770,0.17,0.3125
1771,0.171,0.3125
1772,0.172,0.331055
1773,0.173,0.3125
1774,0.174,0.3125
1775,0.175,0.3125
1776,0.176,0.239258
1777,0.177,0.239258
1778,0.178,0.239258
1779,0.179,0.239258
1780,0.18,0.239258
1781,0.181,0.239258
1782,0.182,0.239258
1783,0.183,0.239258
1784,0.184,0.239258
1785,0.185,0.239258
1786,0.186,0.239258
1787,0.187,0.239258
1788,0.188,0.239258
1789,0.189,0.276367
1790,0.19,0.3125
1791,0.191,0.3125
1792,0.192,0.3125
1793,0.193,0.331055
1794,0.194,0.22168
1795,0.195,0.22168
1796,0.196,0.22168
1797,0.197,0.22168
1798,0.198,0.22168
1799,0.199,0.22168
1800,0.2,0.22168
1801,0.201,0.22168
1802,0.202,0.22168
1803,0.203,0.22168
1804,0.204,0.22168
1805,0.205,0.22168
1806,0.206,0.22168
1807,0.207,0.22168
1808,0.208,0.22168
1809,0.209,0.22168
1810,0.21,0.257813
1811,0.211,0.276367
1812,0.212,0.276367
1813,0.213,0.276367
1814,0.214,0.22168
1815,0.215,0.22168
1816,0.216,0.22168
1817,0.217,0.22168
1818,0.218,0.22168
1819,0.219,0.22168
1820,0.22,0.22168
1821,0.221,0.22168
1822,0.222,0.22168
1823,0.223,0.22168
1824,0.224,0.22168
1825,0.225,0.22168
1826,0.226,0.22168
1827,0.227,0.22168
1828,0.228,0.22168
1829,0.229,0.22168
1830,0.23,0.257813
1831,0.231,0.257813
1832,0.232,0.257813
1833,0.233,0.257813
1834,0.234,0.22168
1835,0.235,0.22168
1836,0.236,0.22168
1837,0.237,0.22168
1838,0.238,0.22168
1839,0.239,0.22168
1840,0.24,0.22168
1841,0.241,0.22168
1842,0.242,0.22168
1843,0.243,0.22168
1844,0.244,0.22168
1845,0.245,0.22168
1846,0.246,0.22168
1847,0.247,0.22168
1848,0.248,0.22168
1849,0.249,0.22168
1850,0.25,0.257813
1851,0.251,0.3125
1852,0.252,0.257813
1853,0.253,0.257813
1854,0.254,0.276367
1855,0.255,0.22168
1856,0.256,0.22168
1857,0.257,0.22168
1858,0.258,0.22168
1859,0.259,0.22168
1860,0.26,0.22168
1861,0.261,0.22168
1862,0.262,0.22168
1863,0.263,0.22168
1864,0.264,0.22168
1865,0.265,0.22168
1866,0.266,0.22168
1867,0.267,0.22168
1868,0.268,0.22168
1869,0.269,0.22168
1870,0.27,0.22168
1871,0.271,0.276367
1872,0.272,0.293945
1873,0.273,0.239258
1874,0.274,0.239258
1875,0.275,0.22168
1876,0.276,0.22168
1877,0.277,0.22168
1878,0.278,0.22168
1879,0.279,0.22168
1880,0.28,0.22168
1881,0.281,0.22168
1882,0.282,0.22168
1883,0.283,0.22168
1884,0.284,0.22168
1885,0.285,0.22168
1886,0.286,0.22168
1887,0.287,0.22168
1888,0.288,0.22168
1889,0.289,0.22168
1890,0.29,0.22168
1891,0.291,0.276367
1892,0.292,0.22168
1893,0.293,0.22168
1894,0.294,0.22168
1895,0.295,0.22168
1896,0.296,0.22168
1897,0.297,0.22168
1898,0.298,0.22168
1899,0.299,0.22168
1900,0.3,0.22168
1901,0.301,0.22168
1902,0.302,0.22168
1903,0.303,0.22168
1904,0.304,0.22168
1905,0.305,0.22168
1906,0.306,0.22168
1907,0.307,0.22168
1908,0.308,0.22168
1909,0.309,0.22168
1910,0.31,0.257813
1911,0.311,0.3125
1912,0.312,0.276367
1913,0.313,0.22168
1914,0.314,0.22168
1915,0.315,0.22168
1916,0.316,0.22168
1917,0.317,0.22168
1918,0.318,0.22168
1919,0.319,0.22168
1920,0.32,0.22168
1921,0.321,0.22168
1922,0.322,0.22168
1923,0.323,0.22168
1924,0.324,0.22168
1925,0.325,0.22168
1926,0.326,0.22168
1927,0.327,0.22168
1928,0.328,0.22168
1929,0.329,0.22168
1930,0.33,0.22168
1931,0.331,0.3125
1932,0.332,0.22168
1933,0.333,0.22168
1934,0.334,0.22168
1935,0.335,0.22168
1936,0.336,0.22168
1937,0.337,0.22168
1938,0.338,0.22168
1939,0.339,0.22168
1940,0.34,0.22168
1941,0.341,0.22168
1942,0.342,0.22168
1943,0.343,0.22168
1944,0.344,0.22168
1945,0.345,0.22168
1946,0.346,0.22168
1947,0.347,0.22168
1948,0.348,0.22168
1949,0.349,0.22168
1950,0.35,0.22168
1951,0.351,0.331055
1952,0.352,0.276367
1953,0.353,0.293945
1954,0.354,0.22168
1955,0.355,0.22168
1956,0.356,0.22168
1957,0.357,0.22168
1958,0.358,0.22168
1959,0.359,0.22168
1960,0.36,0.22168
1961,0.361,0.22168
1962,0.362,0.22168
1963,0.363,0.22168
1964,0.364,0.22168
1965,0.365,0.22168
1966,0.366,0.22168
1967,0.367,0.22168
1968,0.368,0.22168
1969,0.369,0.22168
1970,0.37,0.22168
1971,0.371,0.331055
1972,0.372,0.22168
1973,0.373,0.22168
1974,0.374,0.22168
1975,0.375,0.22168
1976,0.376,0.22168
1977,0.377,0.22168
1978,0.378,0.22168
1979,0.379,0.22168
1980,0.38,0.22168
1981,0.381,0.22168
1982,0.382,0.22168
1983,0.383,0.22168
1984,0.384,0.22168
1985,0.385,0.22168
1986,0.386,0.22168
1987,0.387,0.22168
1988,0.388,0.22168
1989,0.389,0.22168
1990,0.39,0.257813
1991,0.391,0.257813
1992,0.392,0.257813
1993,0.393,0.257813
1994,0.394,0.22168
1995,0.395,0.22168
1996,0.396,0.22168
1997,0.397,0.22168
1998,0.398,0.22168
1999,0.399,0.22168
2000,0.4,0.22168
2001,0.401,0.22168
2002,0.402,0.22168
2003,0.403,0.22168
2004,0.404,0.22168
2005,0.405,0.22168
2006,0.406,0.22168
2007,0.407,0.22168
2008,0.408,0.22168
2009,0.409,0.22168
2010,0.41,0.257813
2011,0.411,0.3125
2012,0.412,0.276367
2013,0.413,0.276367
2014,0.414,0.239258
2015,0.415,0.22168
2016,0.416,0.22168
2017,0.417,0.22168
2018,0.418,0.22168
2019,0.419,0.22168
2020,0.42,0.22168
2021,0.421,0.22168
2022,0.422,0.22168
2023,0.423,0.22168
2024,0.424,0.22168
2025,0.425,0.22168
2026,0.426,0.22168
2027,0.427,0.22168
2028,0.428,0.22168
2029,0.429,0.22168
2030,0.43,0.22168
2031,0.431,0.293945
2032,0.432,0.276367
2033,0.433,0.257813
2034,0.434,0.22168
2035,0.435,0.22168
2036,0.436,0.22168
2037,0.437,0.22168
2038,0.438,0.22168
2039,0.439,0.22168
2040,0.44,0.22168
2041,0.441,0.22168
2042,0.442,0.22168
2043,0.443,0.22168
2044,0.444,0.22168
2045,0.445,0.22168
2046,0.446,0.22168
2047,0.447,0.22168
2048,0.448,0.22168
2049,0.449,0.22168
2050,0.45,0.257813
2051,0.451,0.257813
2052,0.452,0.257813
2053,0.453,0.257813
2054,0.454,0.22168
2055,0.455,0.22168
2056,0.456,0.22168
2057,0.457,0.22168
2058,0.458,0.22168
2059,0.459,0.22168
2060,0.46,0.22168
2061,0.461,0.22168
2062,0.462,0.22168
2063,0.463,0.22168
2064,0.464,0.22168
2065,0.465,0.22168
2066,0.466,0.22168
2067,0.467,0.22168
2068,0.468,0.22168
2069,0.469,0.22168
2070,0.47,0.22168
2071,0.471,0.276367
2072,0.472,0.276367
2073,0.473,0.22168
2074,0.474,0.22168
2075,0.475,0.22168
2076,0.476,0.22168
2077,0.477,0.22168
2078,0.478,0.22168
2079,0.479,0.22168
2080,0.48,0.22168
2081,0.481,0.22168
2082,0.482,0.22168
2083,0.483,0.22168
2084,0.484,0.22168
2085,0.485,0.22168
2086,0.486,0.22168
2087,0.487,0.22168
2088,0.488,0.22168
2089,0.489,0.22168
2090,0.49,0.22168
2091,0.491,0.276367
2092,0.492,0.257813
2093,0.493,0.276367
2094,0.494,0.22168
2095,0.495,0.22168
2096,0.496,0.22168
2097,0.497,0.22168
2098,0.498,0.22168
2099,0.499,0.22168
2100,0.5,0.22168
2101,0.501,0.22168
2102,0.502,0.22168
2103,0.503,0.22168
2104,0.504,0.22168
2105,0.505,0.22168
2106,0.506,0.22168
2107,0.507,0.22168
2108,0.508,0.22168
2109,0.509,0.22168
2110,0.51,0.22168
2111,0.511,0.331055
2112,0.512,0.276367
2113,0.513,0.276367
2114,0.514,0.276367
2115,0.515,0.22168
2116,0.516,0.22168
2117,0.517,0.22168
2118,0.518,0.22168
2119,0.519,0.22168
2120,0.52,0.22168
2121,0.521,0.22168
2122,0.522,0.22168
2123,0.523,0.22168
2124,0.524,0.22168
2125,0.525,0.22168
2126,0.526,0.22168
2127,0.527,0.22168
2128,0.528,0.22168
2129,0.529,0.22168
2130,0.53,0.257813
2131,0.531,0.3125
2132,0.532,0.293945
2133,0.533,0.22168
2134,0.534,0.276367
2135,0.535,0.22168
2136,0.536,0.22168
2137,0.537,0.22168
2138,0.538,0.22168
2139,0.539,0.22168
2140,0.54,0.22168
2141,0.541,0.22168
2142,0.542,0.22168
2143,0.543,0.22168
2144,0.544,0.22168
2145,0.545,0.22168
2146,0.546,0.22168
2147,0.547,0.22168
2148,0.548,0.22168
2149,0.549,0.22168
2150,0.55,0.22168
2151,0.551,0.331055
2152,0.552,0.276367
2153,0.553,0.276367
2154,0.554,0.276367
2155,0.555,0.257813
2156,0.556,0.22168
2157,0.557,0.22168
2158,0.558,0.22168
2159,0.559,0.22168
2160,0.56,0.22168
2161,0.561,0.22168
2162,0.562,0.22168
2163,0.563,0.22168
2164,0.564,0.22168
2165,0.565,0.257813
2166,0.566,0.22168
2167,0.567,0.22168
2168,0.568,0.22168
2169,0.569,0.22168
2170,0.57,0.22168
2171,0.571,0.331055
2172,0.572,0.3125
2173,0.573,0.257813
2174,0.574,0.257813
2175,0.575,0.276367
2176,0.576,0.22168
2177,0.577,0.22168
2178,0.578,0.22168
2179,0.579,0.22168
2180,0.58,0.22168
2181,0.581,0.22168
2182,0.582,0.22168
2183,0.583,0.22168
2184,0.584,0.22168
2185,0.585,0.22168
2186,0.586,0.22168
2187,0.587,0.22168
2188,0.588,0.22168
2189,0.589,0.22168
2190,0.59,0.22168
2191,0.591,0.331055
2192,0.592,0.276367
2193,0.593,0.276367
2194,0.594,0.276367
2195,0.595,0.22168
2196,0.596,0.22168
2197,0.597,0.22168
2198,0.598,0.22168
2199,0.599,0.22168
2200,0.6,0.22168
2201,0.601,0.22168
2202,0.602,0.22168
2203,0.603,0.22168
2204,0.604,0.22168
2205,0.605,0.22168
2206,0.606,0.257813
2207,0.607,0.22168
2208,0.608,0.22168
2209,0.609,0.22168
2210,0.61,0.276367
2211,0.611,0.276367
2212,0.612,0.3125
2213,0.613,0.257813
2214,0.614,0.257813
2215,0.615,0.257813
2216,0.616,0.257813
2217,0.617,0.22168
2218,0.618,0.22168
2219,0.619,0.22168
2220,0.62,0.22168
2221,0.621,0.22168
2222,0.622,0.22168
2223,0.623,0.22168
2224,0.624,0.22168
2225,0.625,0.22168
2226,0.626,0.257813
2227,0.627,0.22168
2228,0.628,0.22168
2229,0.629,0.22168
2230,0.63,0.22168
2231,0.631,0.331055
2232,0.632,0.257813
2233,0.633,0.276367
2234,0.634,0.22168
2235,0.635,0.22168
2236,0.636,0.22168
2237,0.637,0.22168
2238,0.638,0.22168
2239,0.639,0.22168
2240,0.64,0.22168
2241,0.641,0.22168
2242,0.642,0.22168
2243,0.643,0.22168
2244,0.644,0.22168
2245,0.645,0.22168
2246,0.646,0.22168
2247,0.647,0.22168
2248,0.648,0.22168
2249,0.649,0.22168
2250,0.65,0.22168
2251,0.651,0.331055
2252,0.652,0.276367
2253,0.653,0.239258
2254,0.654,0.239258
2255,0.655,0.22168
2256,0.656,0.22168
2257,0.657,0.22168
2258,0.658,0.22168
2259,0.659,0.22168
2260,0.66,0.22168
2261,0.661,0.22168
2262,0.662,0.22168
2263,0.663,0.22168
2264,0.664,0.22168
2265,0.665,0.22168
2266,0.666,0.22168
2267,0.667,0.22168
2268,0.668,0.22168
2269,0.669,0.22168
2270,0.67,0.22168
2271,0.671,0.276367
2272,0.672,0.257813
2273,0.673,0.22168
2274,0.674,0.276367
2275,0.675,0.22168
2276,0.676,0.22168
2277,0.677,0.22168
2278,0.678,0.239258
2279,0.679,0.239258
2280,0.68,0.239258
2281,0.681,0.239258
2282,0.682,0.239258
2283,0.683,0.239258
2284,0.684,0.239258
2285,0.685,0.239258
2286,0.686,0.239258
2287,0.687,0.239258
2288,0.688,0.239258
2289,0.689,0.276367
2290,0.69,0.276367
2291,0.691,0.331055
2292,0.692,0.331055
2293,0.693,0.3125
2294,0.694,0.3125
2295,0.695,0.276367
2296,0.696,0.239258
2297,0.697,0.239258
2298,0.698,0.239258
2299,0.699,0.239258
2300,0.7,0.239258
2301,0.701,0.239258
2302,0.702,0.239258
2303,0.703,0.239258
2304,0.704,0.239258
2305,0.705,0.239258
2306,0.706,0.239258
2307,0.707,0.239258
2308,0.708,0.239258
2309,0.709,0.276367
2310,0.71,0.3125
2311,0.711,0.3125
2312,0.712,0.331055
2313,0.713,0.331055
2314,0.714,0.331055
2315,0.715,0.276367
2316,0.716,0.239258
2317,0.717,0.239258
2318,0.718,0.239258
2319,0.719,0.239258
2320,0.72,0.239258
2321,0.721,0.239258
2322,0.722,0.239258
2323,0.723,0.239258
2324,0.724,0.239258
2325,0.725,0.276367
2326,0.726,0.276367
2327,0.727,0.239258
2328,0.728,0.239258
2329,0.729,0.276367
2330,0.73,0.3125
2331,0.731,0.3125
2332,0.732,0.331055
2333,0.733,0.3125
2334,0.734,0.331055
2335,0.735,0.276367
2336,0.736,0.239258
2337,0.737,0.239258
2338,0.738,0.239258
2339,0.739,0.239258
2340,0.74,0.239258
2341,0.741,0.239258
2342,0.742,0.239258
2343,0.743,0.239258
2344,0.744,0.239258
2345,0.745,0.239258
2346,0.746,0.239258
2347,0.747,0.239258
2348,0.748,0.239258
2349,0.749,0.276367
2350,0.75,0.276367
2351,0.751,0.331055
2352,0.752,0.331055
2353,0.753,0.348633
2354,0.754,0.293945
2355,0.755,0.239258
2356,0.756,0.239258
2357,0.757,0.239258
2358,0.758,0.239258
2359,0.759,0.239258
2360,0.76,0.239258
2361,0.761,0.239258
2362,0.762,0.239258
2363,0.763,0.239258
2364,0.764,0.239258
2365,0.765,0.239258
2366,0.766,0.239258
2367,0.767,0.239258
2368,0.768,0.239258
2369,0.769,0.276367
2370,0.77,0.276367
2371,0.771,0.331055
2372,0.772,0.331055
2373,0.773,0.331055
2374,0.774,0.348633
2375,0.775,0.239258
2376,0.776,0.239258
2377,0.777,0.239258
2378,0.778,0.239258
2379,0.779,0.239258
2380,0.78,0.239258
2381,0.781,0.239258
2382,0.782,0.239258
2383,0.783,0.239258
2384,0.784,0.239258
2385,0.785,0.239258
2386,0.786,0.239258
2387,0.787,0.239258
2388,0.788,0.239258
2389,0.789,0.276367
2390,0.79,0.276367
2391,0.791,0.331055
2392,0.792,0.331055
2393,0.793,0.331055
2394,0.794,0.331055
2395,0.795,0.293945
2396,0.796,0.239258
2397,0.797,0.239258
2398,0.798,0.239258
2399,0.799,0.239258
2400,0.8,0.239258
2401,0.801,0.239258
2402,0.802,0.239258
2403,0.803,0.239258
2404,0.804,0.239258
2405,0.805,0.239258
2406,0.806,0.239258
2407,0.807,0.239258
2408,0.808,0.239258
2409,0.809,0.276367
2410,0.81,0.276367
2411,0.811,0.331055
2412,0.812,0.331055
2413,0.813,0.331055
2414,0.814,0.331055
2415,0.815,0.276367
2416,0.816,0.276367
2417,0.817,0.239258
2418,0.818,0.239258
2419,0.819,0.239258
2420,0.82,0.239258
2421,0.821,0.239258
2422,0.822,0.239258
2423,0.823,0.239258
2424,0.824,0.239258
2425,0.825,0.239258
2426,0.826,0.239258
2427,0.827,0.239258
2428,0.828,0.239258
2429,0.829,0.276367
2430,0.83,0.276367
2431,0.831,0.331055
2432,0.832,0.331055
2433,0.833,0.331055
2434,0.834,0.293945
2435,0.835,0.239258
2436,0.836,0.239258
2437,0.837,0.239258
2438,0.838,0.239258
2439,0.839,0.239258
2440,0.84,0.239258
2441,0.841,0.239258
2442,0.842,0.239258
2443,0.843,0.239258
2444,0.844,0.239258
2445,0.845,0.239258
2446,0.846,0.239258
2447,0.847,0.239258
2448,0.848,0.239258
2449,0.849,0.276367
2450,0.85,0.276367
2451,0.851,0.331055
2452,0.852,0.331055
2453,0.853,0.331055
2454,0.854,0.331055
2455,0.855,0.239258
2456,0.856,0.239258
2457,0.857,0.239258
2458,0.858,0.239258
2459,0.859,0.239258
2460,0.86,0.239258
2461,0.861,0.239258
2462,0.862,0.239258
2463,0.863,0.239258
2464,0.864,0.239258
2465,0.865,0.239258
2466,0.866,0.239258
2467,0.867,0.239258
2468,0.868,0.239258
2469,0.869,0.3125
2470,0.87,0.276367
2471,0.871,0.3125
2472,0.872,0.331055
2473,0.873,0.331055
2474,0.874,0.348633
2475,0.875,0.239258
2476,0.876,0.239258
2477,0.877,0.239258
2478,0.878,0.239258
2479,0.879,0.239258
2480,0.88,0.239258
2481,0.881,0.239258
2482,0.882,0.239258
2483,0.883,0.239258
2484,0.884,0.239258
2485,0.885,0.239258
2486,0.886,0.239258
2487,0.887,0.239258
2488,0.888,0.239258
2489,0.889,0.239258
2490,0.89,0.276367
2491,0.891,0.331055
2492,0.892,0.331055
2493,0.893,0.331055
2494,0.894,0.331055
2495,0.895,0.239258
2496,0.896,0.239258
2497,0.897,0.239258
2498,0.898,0.239258
2499,0.899,0.239258
2500,0.9,0.239258
2501,0.901,0.239258
2502,0.902,0.239258
2503,0.903,0.239258
2504,0.904,0.239258
2505,0.905,0.239258
2506,0.906,0.239258
2507,0.907,0.239258
2508,0.908,0.239258
2509,0.909,0.276367
2510,0.91,0.276367
2511,0.911,0.331055
2512,0.912,0.331055
2513,0.913,0.331055
2514,0.914,0.348633
2515,0.915,0.293945
2516,0.916,0.239258
2517,0.917,0.239258
2518,0.918,0.239258
2519,0.919,0.239258
2520,0.92,0.239258
2521,0.921,0.239258
2522,0.922,0.239258
2523,0.923,0.239258
2524,0.924,0.239258
2525,0.925,0.239258
2526,0.926,0.239258
2527,0.927,0.239258
2528,0.928,0.239258
2529,0.929,0.276367
2530,0.93,0.276367
2531,0.931,0.331055
2532,0.932,0.331055
2533,0.933,0.331055
2534,0.934,0.3125
2535,0.935,0.3125
2536,0.936,0.276367
2537,0.937,0.239258
2538,0.938,0.239258
2539,0.939,0.239258
2540,0.94,0.239258
2541,0.941,0.239258
2542,0.942,0.239258
2543,0.943,0.239258
2544,0.944,0.239258
2545,0.945,0.239258
2546,0.946,0.239258
2547,0.947,0.239258
2548,0.948,0.239258
2549,0.949,0.276367
2550,0.95,0.3125
2551,0.951,0.3125
2552,0.952,0.331055
2553,0.953,0.331055
2554,0.954,0.331055
2555,0.955,0.239258
2556,0.956,0.239258
2557,0.957,0.239258
2558,0.958,0.239258
2559,0.959,0.239258
2560,0.96,0.239258
2561,0.961,0.239258
2562,0.962,0.239258
2563,0.963,0.239258
2564,0.964,0.239258
2565,0.965,0.239258
2566,0.966,0.239258
2567,0.967,0.239258
2568,0.968,0.239258
2569,0.969,0.239258
2570,0.97,0.239258
2571,0.971,0.348633
2572,0.972,0.331055
2573,0.973,0.3125
2574,0.974,0.3125
2575,0.975,0.276367
2576,0.976,0.239258
2577,0.977,0.239258
2578,0.978,0.239258
2579,0.979,0.239258
2580,0.98,0.239258
2581,0.981,0.239258
2582,0.982,0.239258
2583,0.983,0.239258
2584,0.984,0.239258
2585,0.985,0.239258
2586,0.986,0.239258
2587,0.987,0.239258
2588,0.988,0.239258
2589,0.989,0.239258
2590,0.99,0.239258
2591,0.991,0.348633
2592,0.992,0.331055
2593,0.993,0.331055
2594,0.994,0.331055
2595,0.995,0.239258
2596,0.996,0.239258
2597,0.997,0.239258
2598,0.998,0.239258
2599,0.999,0.239258
2600,1,0.239258
2601,1.001,0.239258
2602,1.002,0.239258
2603,1.003,0.239258
2604,1.004,0.239258
2605,1.005,0.239258
2606,1.006,0.239258
2607,1.007,0.239258
2608,1.008,0.239258
2609,1.009,0.276367
2610,1.01,0.276367
2611,1.011,0.331055
2612,1.012,0.331055
2613,1.013,0.331055
2614,1.014,0.348633
2615,1.015,0.239258
2616,1.016,0.239258
2617,1.017,0.239258
2618,1.018,0.239258
2619,1.019,0.239258
2620,1.02,0.239258
2621,1.021,0.239258
2622,1.022,0.239258
2623,1.023,0.239258
2624,1.024,0.239258
2625,1.025,0.239258
2626,1.026,0.239258
2627,1.027,0.239258
2628,1.028,0.239258
2629,1.029,0.276367
2630,1.03,0.276367
2631,1.031,0.331055
2632,1.032,0.331055
2633,1.033,0.3125
2634,1.034,0.331055
2635,1.035,0.276367
2636,1.036,0.239258
2637,1.037,0.239258
2638,1.038,0.239258
2639,1.039,0.239258
2640,1.04,0.239258
2641,1.041,0.239258
2642,1.042,0.239258
2643,1.043,0.239258
2644,1.044,0.239258
2645,1.045,0.239258
2646,1.046,0.239258
2647,1.047,0.239258
2648,1.048,0.239258
2649,1.049,0.239258
2650,1.05,0.239258
2651,1.051,0.348633
2652,1.052,0.331055
2653,1.053,0.331055
2654,1.054,0.348633
2655,1.055,0.239258
2656,1.056,0.293945
2657,1.057,0.239258
2658,1.058,0.239258
2659,1.059,0.239258
2660,1.06,0.239258
2661,1.061,0.239258
2662,1.062,0.239258
2663,1.063,0.239258
2664,1.064,0.239258
2665,1.065,0.239258
2666,1.066,0.239258
2667,1.067,0.239258
2668,1.068,0.239258
2669,1.069,0.239258
2670,1.07,0.239258
2671,1.071,0.348633
2672,1.072,0.331055
2673,1.073,0.331055
2674,1.074,0.331055
2675,1.075,0.239258
2676,1.076,0.239258
2677,1.077,0.239258
2678,1.078,0.239258
2679,1.079,0.239258
2680,1.08,0.239258
2681,1.081,0.239258
2682,1.082,0.239258
2683,1.083,0.239258
2684,1.084,0.239258
2685,1.085,0.239258
2686,1.086,0.239258
2687,1.087,0.239258
2688,1.088,0.239258
2689,1.089,0.276367
2690,1.09,0.276367
2691,1.091,0.331055
2692,1.092,0.331055
2693,1.093,0.348633
2694,1.094,0.293945
2695,1.095,0.239258
2696,1.096,0.239258
2697,1.097,0.239258
2698,1.098,0.239258
2699,1.099,0.239258
2700,1.1,0.239258
2701,1.101,0.239258
2702,1.102,0.239258
2703,1.103,0.239258
2704,1.104,0.239258
2705,1.105,0.239258
2706,1.106,0.239258
2707,1.107,0.239258
2708,1.108,0.239258
2709,1.109,0.239258
2710,1.11,0.239258
2711,1.111,0.331055
2712,1.112,0.331055
2713,1.113,0.293945
2714,1.114,0.293945
2715,1.115,0.293945
2716,1.116,0.293945
2717,1.117,0.239258
2718,1.118,0.239258
2719,1.119,0.239258
2720,1.12,0.239258
2721,1.121,0.239258
2722,1.122,0.239258
2723,1.123,0.239258
2724,1.124,0.239258
2725,1.125,0.239258
2726,1.126,0.239258
2727,1.127,0.239258
2728,1.128,0.239258
2729,1.129,0.276367
2730,1.13,0.276367
2731,1.131,0.331055
2732,1.132,0.293945
2733,1.133,0.348633
2734,1.134,0.293945
2735,1.135,0.239258
2736,1.136,0.239258
2737,1.137,0.239258
2738,1.138,0.239258
2739,1.139,0.239258
2740,1.14,0.239258
2741,1.141,0.239258
2742,1.142,0.239258
2743,1.143,0.239258
2744,1.144,0.239258
2745,1.145,0.239258
2746,1.146,0.239258
2747,1.147,0.239258
2748,1.148,0.239258
2749,1.149,0.239258
2750,1.15,0.239258
2751,1.151,0.348633
2752,1.152,0.331055
2753,1.153,0.348633
2754,1.154,0.293945
2755,1.155,0.239258
2756,1.156,0.239258
2757,1.157,0.239258
2758,1.158,0.239258
2759,1.159,0.239258
2760,1.16,0.239258
2761,1.161,0.239258
2762,1.162,0.239258
2763,1.163,0.239258
2764,1.164,0.239258
2765,1.165,0.239258
2766,1.166,0.239258
2767,1.167,0.239258
2768,1.168,0.239258
2769,1.169,0.22168
2770,1.17,0.239258
2771,1.171,0.276367
2772,1.172,0.276367
2773,1.173,0.3125
2774,1.174,0.22168
2775,1.175,0.22168
2776,1.176,0.22168
2777,1.177,0.22168
2778,1.178,0.22168
2779,1.179,0.22168
2780,1.18,0.22168
2781,1.181,0.22168
2782,1.182,0.22168
2783,1.183,0.22168
2784,1.184,0.22168
2785,1.185,0.22168
2786,1.186,0.22168
2787,1.187,0.22168
2788,1.188,0.22168
2789,1.189,0.22168
2790,1.19,0.22168
2791,1.191,0.276367
2792,1.192,0.276367
2793,1.193,0.276367
2794,1.194,0.22168
2795,1.195,0.22168
2796,1.196,0.22168
2797,1.197,0.22168
2798,1.198,0.22168
2799,1.199,0.22168
2800,1.2,0.22168
2801,1.201,0.22168
2802,1.202,0.22168
2803,1.203,0.22168
2804,1.204,0.22168
2805,1.205,0.22168
2806,1.206,0.22168
2807,1.207,0.22168
2808,1.208,0.22168
2809,1.209,0.22168
2810,1.21,0.239258
2811,1.211,0.276367
2812,1.212,0.239258
2813,1.213,0.293945
2814,1.214,0.276367
2815,1.215,0.22168
2816,1.216,0.22168
2817,1.217,0.22168
2818,1.218,0.22168
2819,1.219,0.22168
2820,1.22,0.22168
2821,1.221,0.22168
2822,1.222,0.22168
2823,1.223,0.22168
2824,1.224,0.22168
2825,1.225,0.22168
2826,1.226,0.22168
2827,1.227,0.22168
2828,1.228,0.22168
2829,1.229,0.22168
2830,1.23,0.239258
2831,1.231,0.293945
2832,1.232,0.276367
2833,1.233,0.293945
2834,1.234,0.22168
2835,1.235,0.22168
2836,1.236,0.22168
2837,1.237,0.22168
2838,1.238,0.22168
2839,1.239,0.22168
2840,1.24,0.22168
2841,1.241,0.22168
2842,1.242,0.22168
2843,1.243,0.22168
2844,1.244,0.22168
2845,1.245,0.22168
2846,1.246,0.22168
2847,1.247,0.22168
2848,1.248,0.22168
2849,1.249,0.22168
2850,1.25,0.239258
2851,1.251,0.293945
2852,1.252,0.3125
2853,1.253,0.276367
2854,1.254,0.22168
2855,1.255,0.22168
2856,1.256,0.22168
2857,1.257,0.22168
2858,1.258,0.22168
2859,1.259,0.22168
2860,1.26,0.22168
2861,1.261,0.22168
2862,1.262,0.22168
2863,1.263,0.22168
2864,1.264,0.22168
2865,1.265,0.22168
2866,1.266,0.22168
2867,1.267,0.22168
2868,1.268,0.22168
2869,1.269,0.22168
2870,1.27,0.239258
2871,1.271,0.276367
2872,1.272,0.276367
2873,1.273,0.293945
2874,1.274,0.239258
2875,1.275,0.22168
2876,1.276,0.22168
2877,1.277,0.22168
2878,1.278,0.22168
2879,1.279,0.22168
2880,1.28,0.22168
2881,1.281,0.22168
2882,1.282,0.22168
2883,1.283,0.22168
2884,1.284,0.22168
2885,1.285,0.22168
2886,1.286,0.22168
2887,1.287,0.22168
2888,1.288,0.22168
2889,1.289,0.22168
2890,1.29,0.239258
2891,1.291,0.276367
2892,1.292,0.22168
2893,1.293,0.293945
2894,1.294,0.22168
2895,1.295,0.22168
2896,1.296,0.22168
2897,1.297,0.22168
2898,1.298,0.22168
2899,1.299,0.22168
2900,1.3,0.22168
2901,1.301,0.22168
2902,1.302,0.22168
2903,1.303,0.22168
2904,1.304,0.22168
2905,1.305,0.22168
2906,1.306,0.22168
2907,1.307,0.22168
2908,1.308,0.22168
2909,1.309,0.22168
2910,1.31,0.239258
2911,1.311,0.293945
2912,1.312,0.293945
2913,1.313,0.3125
2914,1.314,0.22168
2915,1.315,0.22168
2916,1.316,0.22168
2917,1.317,0.22168
2918,1.318,0.22168
2919,1.319,0.22168
2920,1.32,0.22168
2921,1.321,0.22168
2922,1.322,0.22168
2923,1.323,0.22168
2924,1.324,0.22168
2925,1.325,0.22168
2926,1.326,0.22168
2927,1.327,0.22168
2928,1.328,0.22168
2929,1.329,0.22168
2930,1.33,0.239258
2931,1.331,0.293945
2932,1.332,0.276367
2933,1.333,0.3125
2934,1.334,0.257813
2935,1.335,0.22168
2936,1.336,0.22168
2937,1.337,0.22168
2938,1.338,0.22168
2939,1.339,0.22168
2940,1.34,0.22168
2941,1.341,0.22168
2942,1.342,0.22168
2943,1.343,0.22168
2944,1.344,0.22168
2945,1.345,0.22168
2946,1.346,0.22168
2947,1.347,0.22168
2948,1.348,0.22168
2949,1.349,0.22168
2950,1.35,0.239258
2951,1.351,0.293945
2952,1.352,0.276367
2953,1.353,0.3125
2954,1.354,0.257813
2955,1.355,0.257813
2956,1.356,0.22168
2957,1.357,0.22168
2958,1.358,0.22168
2959,1.359,0.22168
2960,1.36,0.22168
2961,1.361,0.22168
2962,1.362,0.22168
2963,1.363,0.22168
2964,1.364,0.22168
2965,1.365,0.22168
2966,1.366,0.22168
2967,1.367,0.22168
2968,1.368,0.22168
2969,1.369,0.22168
2970,1.37,0.22168
2971,1.371,0.3125
2972,1.372,0.276367
2973,1.373,0.331055
2974,1.374,0.22168
2975,1.375,0.22168
2976,1.376,0.22168
2977,1.377,0.22168
2978,1.378,0.22168
2979,1.379,0.22168
2980,1.38,0.22168
2981,1.381,0.22168
2982,1.382,0.22168
2983,1.383,0.22168
2984,1.384,0.22168
2985,1.385,0.22168
2986,1.386,0.22168
2987,1.387,0.22168
2988,1.388,0.22168
2989,1.389,0.22168
2990,1.39,0.239258
2991,1.391,0.239258
2992,1.392,0.239258
2993,1.393,0.293945
2994,1.394,0.239258
2995,1.395,0.22168
2996,1.396,0.22168
2997,1.397,0.22168
2998,1.398,0.22168
2999,1.399,0.22168
3000,1.4,0.22168
3001,1.401,0.22168
3002,1.402,0.22168
3003,1.403,0.22168
3004,1.404,0.22168
3005,1.405,0.22168
3006,1.406,0.22168
3007,1.407,0.22168
3008,1.408,0.22168
3009,1.409,0.22168
3010,1.41,0.239258
3011,1.411,0.276367
3012,1.412,0.276367
3013,1.413,0.3125
3014,1.414,0.257813
3015,1.415,0.22168
3016,1.416,0.22168
3017,1.417,0.22168
3018,1.418,0.22168
3019,1.419,0.22168
3020,1.42,0.22168
3021,1.421,0.22168
3022,1.422,0.22168
3023,1.423,0.22168
3024,1.424,0.22168
3025,1.425,0.22168
3026,1.426,0.22168
3027,1.427,0.22168
3028,1.428,0.22168
3029,1.429,0.22168
3030,1.43,0.239258
3031,1.431,0.239258
3032,1.432,0.239258
3033,1.433,0.276367
3034,1.434,0.22168
3035,1.435,0.22168
3036,1.436,0.22168
3037,1.437,0.22168
3038,1.438,0.22168
3039,1.439,0.22168
3040,1.44,0.22168
3041,1.441,0.22168
3042,1.442,0.22168
3043,1.443,0.22168
3044,1.444,0.22168
3045,1.445,0.22168
3046,1.446,0.22168
3047,1.447,0.22168
3048,1.448,0.22168
3049,1.449,0.22168
3050,1.45,0.239258
3051,1.451,0.239258
3052,1.452,0.239258
3053,1.453,0.239258
3054,1.454,0.239258
3055,1.455,0.22168
3056,1.456,0.22168
3057,1.457,0.22168
3058,1.458,0.22168
3059,1.459,0.22168
3060,1.46,0.22168
3061,1.461,0.22168
3062,1.462,0.22168
3063,1.463,0.22168
3064,1.464,0.22168
3065,1.465,0.22168
3066,1.466,0.22168
3067,1.467,0.22168
3068,1.468,0.22168
3069,1.469,0.22168
3070,1.47,0.239258
3071,1.471,0.276367
3072,1.472,0.276367
3073,1.473,0.331055
3074,1.474,0.22168
3075,1.475,0.22168
3076,1.476,0.22168
3077,1.477,0.22168
3078,1.478,0.22168
3079,1.479,0.22168
3080,1.48,0.22168
3081,1.481,0.22168
3082,1.482,0.22168
3083,1.483,0.22168
3084,1.484,0.22168
3085,1.485,0.22168
3086,1.486,0.22168
3087,1.487,0.22168
3088,1.488,0.22168
3089,1.489,0.22168
3090,1.49,0.239258
3091,1.491,0.293945
3092,1.492,0.293945
3093,1.493,0.276367
3094,1.494,0.22168
3095,1.495,0.22168
3096,1.496,0.22168
3097,1.497,0.22168
3098,1.498,0.22168
3099,1.499,0.22168
3100,1.5,0.22168
3101,1.501,0.22168
3102,1.502,0.22168
3103,1.503,0.22168
3104,1.504,0.22168
3105,1.505,0.22168
3106,1.506,0.22168
3107,1.507,0.22168
3108,1.508,0.22168
3109,1.509,0.22168
3110,1.51,0.239258
3111,1.511,0.293945
3112,1.512,0.276367
3113,1.513,0.276367
3114,1.514,0.276367
3115,1.515,0.22168
3116,1.516,0.22168
3117,1.517,0.22168
3118,1.518,0.22168
3119,1.519,0.22168
3120,1.52,0.22168
3121,1.521,0.22168
3122,1.522,0.22168
3123,1.523,0.22168
3124,1.524,0.22168
3125,1.525,0.22168
3126,1.526,0.22168
3127,1.527,0.22168
3128,1.528,0.22168
3129,1.529,0.22168
3130,1.53,0.239258
3131,1.531,0.239258
3132,1.532,0.276367
3133,1.533,0.276367
3134,1.534,0.22168
3135,1.535,0.22168
3136,1.536,0.22168
3137,1.537,0.22168
3138,1.538,0.22168
3139,1.539,0.22168
3140,1.54,0.22168
3141,1.541,0.22168
3142,1.542,0.22168
3143,1.543,0.22168
3144,1.544,0.22168
3145,1.545,0.22168
3146,1.546,0.22168
3147,1.547,0.22168
3148,1.548,0.22168
3149,1.549,0.22168
3150,1.55,0.22168
3151,1.551,0.257813
3152,1.552,0.257813
3153,1.553,0.257813
3154,1.554,0.257813
3155,1.555,0.22168
3156,1.556,0.22168
3157,1.557,0.22168
3158,1.558,0.22168
3159,1.559,0.22168
3160,1.56,0.22168
3161,1.561,0.22168
3162,1.562,0.22168
3163,1.563,0.22168
3164,1.564,0.22168
3165,1.565,0.22168
3166,1.566,0.22168
3167,1.567,0.22168
3168,1.568,0.22168
3169,1.569,0.22168
3170,1.57,0.22168
3171,1.571,0.22168
3172,1.572,0.22168
3173,1.573,0.276367
3174,1.574,0.22168
3175,1.575,0.22168
3176,1.576,0.22168
3177,1.577,0.22168
3178,1.578,0.22168
3179,1.579,0.22168
3180,1.58,0.22168
3181,1.581,0.22168
3182,1.582,0.22168
3183,1.583,0.22168
3184,1.584,0.22168
3185,1.585,0.22168
3186,1.586,0.22168
3187,1.587,0.22168
3188,1.588,0.22168
3189,1.589,0.22168
3190,1.59,0.239258
3191,1.591,0.293945
3192,1.592,0.276367
3193,1.593,0.331055
3194,1.594,0.22168
3195,1.595,0.22168
3196,1.596,0.22168
3197,1.597,0.22168
3198,1.598,0.22168
3199,1.599,0.22168
